Workbook

Sheet DASHBOARD
A1: CENTRO DE MANDO — PROGRAMA DE HIPERTROFIA Y RECOMPOSICION CORPORAL
A2: Inicio: Mie 25/03/2026 | 8 Microciclos | Fuente 12
A4: KPIs NUTRICIONALES DIARIOS
A5: CALORIAS TARGET | D5: PROTEINA | G5: GRASA | J5: CARBOHIDRATOS | M5: % BF INICIAL
A6: 1,850 Kcal | D6: 135 g | G6: 40 g | J6: 235 g | M6: 12.0 %
A8: EVOLUCION PESO CORPORAL (kg) | J8: EVOLUCION % GRASA CORPORAL (BF%)
A9: Microciclo | B9: Peso Prom (kg) | C9: BF% Estimado
A10: MC01 | B10: =IF(TRACKER!B20="","",TRACKER!B20) -> 52.842857 | C10: =IF(TRACKER!B20="","",ROUND(TRACKER!$D$4-((TRACKER!$B$4-TRACKER!B20)/TRACKER!$B$4)*100,1)) -> 10.4
A11: MC02 | B11: =IF(TRACKER!B30="","",TRACKER!B30) -> 53.157143 | C11: =IF(TRACKER!B30="","",ROUND(TRACKER!$D$4-((TRACKER!$B$4-TRACKER!B30)/TRACKER!$B$4)*100,1)) -> 11
A12: MC03 | B12: =IF(TRACKER!B40="","",TRACKER!B40) -> 52.985714 | C12: =IF(TRACKER!B40="","",ROUND(TRACKER!$D$4-((TRACKER!$B$4-TRACKER!B40)/TRACKER!$B$4)*100,1)) -> 10.7
A13: MC04 | B13: =IF(TRACKER!B50="","",TRACKER!B50) -> 53.166667 | C13: =IF(TRACKER!B50="","",ROUND(TRACKER!$D$4-((TRACKER!$B$4-TRACKER!B50)/TRACKER!$B$4)*100,1)) -> 11
A14: MC05 | B14: =IF(TRACKER!B60="","",TRACKER!B60) | C14: =IF(TRACKER!B60="","",ROUND(TRACKER!$D$4-((TRACKER!$B$4-TRACKER!B60)/TRACKER!$B$4)*100,1))
A15: MC06 | B15: =IF(TRACKER!B70="","",TRACKER!B70) | C15: =IF(TRACKER!B70="","",ROUND(TRACKER!$D$4-((TRACKER!$B$4-TRACKER!B70)/TRACKER!$B$4)*100,1))
A16: MC07 | B16: =IF(TRACKER!B80="","",TRACKER!B80) | C16: =IF(TRACKER!B80="","",ROUND(TRACKER!$D$4-((TRACKER!$B$4-TRACKER!B80)/TRACKER!$B$4)*100,1))
A17: MC08 | B17: =IF(TRACKER!B90="","",TRACKER!B90) | C17: =IF(TRACKER!B90="","",ROUND(TRACKER!$D$4-((TRACKER!$B$4-TRACKER!B90)/TRACKER!$B$4)*100,1))
A30: TABLA DE PROGRESION — TONELAJE POR EJERCICIO Y MICROCICLO (Reps x Kg)
A31: DIA | B31: EJERCICIO | C31: MC01 Ton.kg | D31: MC01 Estado | E31: MC02 Ton.kg | F31: MC02 Estado | G31: MC03 Ton.kg | H31: MC03 Estado | I31: MC04 Ton.kg | J31: MC04 Estado | K31: MC05 Ton.kg | L31: MC05 Estado | M31: MC06 Ton.kg | N31: MC06 Estado | O31: MC07 Ton.kg | P31: MC07 Estado | Q31: MC08 Ton.kg | R31: MC08 Estado
A32: DAY 1 | B32: Zancadas con mancuernas | C32: ='DAY 1'!M6 -> 0 | D32: — | E32: ='DAY 1'!M16 -> 540 | F32: =IF(OR(E32=0,C32=0),"—",IF(E32>C32,"RENDIMIENTO SUPERIOR",IF(E32=C32,"MANTENIMIENTO","DEFICIT"))) -> — | G32: ='DAY 1'!M26 -> 540 | H32: =IF(OR(G32=0,E32=0),"—",IF(G32>E32,"RENDIMIENTO SUPERIOR",IF(G32=E32,"MANTENIMIENTO","DEFICIT"))) -> MANTENIMIENTO | I32: ='DAY 1'!M36 -> 540 | J32: =IF(OR(I32=0,G32=0),"—",IF(I32>G32,"RENDIMIENTO SUPERIOR",IF(I32=G32,"MANTENIMIENTO","DEFICIT"))) -> MANTENIMIENTO | K32: ='DAY 1'!M46 -> 540 | L32: =IF(OR(K32=0,I32=0),"—",IF(K32>I32,"RENDIMIENTO SUPERIOR",IF(K32=I32,"MANTENIMIENTO","DEFICIT"))) -> MANTENIMIENTO | M32: ='DAY 1'!M56 | N32: =IF(OR(M32=0,K32=0),"—",IF(M32>K32,"RENDIMIENTO SUPERIOR",IF(M32=K32,"MANTENIMIENTO","DEFICIT"))) -> — | O32: ='DAY 1'!M66 | P32: =IF(OR(O32=0,M32=0),"—",IF(O32>M32,"RENDIMIENTO SUPERIOR",IF(O32=M32,"MANTENIMIENTO","DEFICIT"))) -> — | Q32: ='DAY 1'!M76 -> 0 | R32: =IF(OR(Q32=0,O32=0),"—",IF(Q32>O32,"RENDIMIENTO SUPERIOR",IF(Q32=O32,"MANTENIMIENTO","DEFICIT"))) -> —
A33: DAY 1 | B33: Extension de cuadriceps en maquina | C33: ='DAY 1'!M7 -> 0 | D33: — | E33: ='DAY 1'!M17 -> 1620 | F33: =IF(OR(E33=0,C33=0),"—",IF(E33>C33,"RENDIMIENTO SUPERIOR",IF(E33=C33,"MANTENIMIENTO","DEFICIT"))) -> — | G33: ='DAY 1'!M27 -> 2127.5 | H33: =IF(OR(G33=0,E33=0),"—",IF(G33>E33,"RENDIMIENTO SUPERIOR",IF(G33=E33,"MANTENIMIENTO","DEFICIT"))) -> RENDIMIENTO SUPERIOR | I33: ='DAY 1'!M37 -> 2130 | J33: =IF(OR(I33=0,G33=0),"—",IF(I33>G33,"RENDIMIENTO SUPERIOR",IF(I33=G33,"MANTENIMIENTO","DEFICIT"))) -> RENDIMIENTO SUPERIOR | K33: ='DAY 1'!M47 -> 2190 | L33: =IF(OR(K33=0,I33=0),"—",IF(K33>I33,"RENDIMIENTO SUPERIOR",IF(K33=I33,"MANTENIMIENTO","DEFICIT"))) -> RENDIMIENTO SUPERIOR | M33: ='DAY 1'!M57 -> 0 | N33: =IF(OR(M33=0,K33=0),"—",IF(M33>K33,"RENDIMIENTO SUPERIOR",IF(M33=K33,"MANTENIMIENTO","DEFICIT"))) -> — | O33: ='DAY 1'!M67 | P33: =IF(OR(O33=0,M33=0),"—",IF(O33>M33,"RENDIMIENTO SUPERIOR",IF(O33=M33,"MANTENIMIENTO","DEFICIT"))) -> — | Q33: ='DAY 1'!M77 | R33: =IF(OR(Q33=0,O33=0),"—",IF(Q33>O33,"RENDIMIENTO SUPERIOR",IF(Q33=O33,"MANTENIMIENTO","DEFICIT"))) -> —
A34: DAY 1 | B34: Curl femoral tumbado en maquina | C34: ='DAY 1'!M8 -> 0 | D34: — | E34: ='DAY 1'!M18 -> 675 | F34: =IF(OR(E34=0,C34=0),"—",IF(E34>C34,"RENDIMIENTO SUPERIOR",IF(E34=C34,"MANTENIMIENTO","DEFICIT"))) -> — | G34: ='DAY 1'!M28 -> 675 | H34: =IF(OR(G34=0,E34=0),"—",IF(G34>E34,"RENDIMIENTO SUPERIOR",IF(G34=E34,"MANTENIMIENTO","DEFICIT"))) -> MANTENIMIENTO | I34: ='DAY 1'!M38 -> 675 | J34: =IF(OR(I34=0,G34=0),"—",IF(I34>G34,"RENDIMIENTO SUPERIOR",IF(I34=G34,"MANTENIMIENTO","DEFICIT"))) -> MANTENIMIENTO | K34: ='DAY 1'!M48 -> 1050 | L34: =IF(OR(K34=0,I34=0),"—",IF(K34>I34,"RENDIMIENTO SUPERIOR",IF(K34=I34,"MANTENIMIENTO","DEFICIT"))) -> RENDIMIENTO SUPERIOR | M34: ='DAY 1'!M58 -> 0 | N34: =IF(OR(M34=0,K34=0),"—",IF(M34>K34,"RENDIMIENTO SUPERIOR",IF(M34=K34,"MANTENIMIENTO","DEFICIT"))) -> — | O34: ='DAY 1'!M68 -> 0 | P34: =IF(OR(O34=0,M34=0),"—",IF(O34>M34,"RENDIMIENTO SUPERIOR",IF(O34=M34,"MANTENIMIENTO","DEFICIT"))) -> — | Q34: ='DAY 1'!M78 | R34: =IF(OR(Q34=0,O34=0),"—",IF(Q34>O34,"RENDIMIENTO SUPERIOR",IF(Q34=O34,"MANTENIMIENTO","DEFICIT"))) -> —
A35: DAY 1 | B35: Elevaciones laterales con mancuerna | C35: ='DAY 1'!M9 -> 0 | D35: — | E35: ='DAY 1'!M19 -> 360 | F35: =IF(OR(E35=0,C35=0),"—",IF(E35>C35,"RENDIMIENTO SUPERIOR",IF(E35=C35,"MANTENIMIENTO","DEFICIT"))) -> — | G35: ='DAY 1'!M29 -> 450 | H35: =IF(OR(G35=0,E35=0),"—",IF(G35>E35,"RENDIMIENTO SUPERIOR",IF(G35=E35,"MANTENIMIENTO","DEFICIT"))) -> RENDIMIENTO SUPERIOR | I35: ='DAY 1'!M39 -> 450 | J35: =IF(OR(I35=0,G35=0),"—",IF(I35>G35,"RENDIMIENTO SUPERIOR",IF(I35=G35,"MANTENIMIENTO","DEFICIT"))) -> MANTENIMIENTO | K35: ='DAY 1'!M49 -> 450 | L35: =IF(OR(K35=0,I35=0),"—",IF(K35>I35,"RENDIMIENTO SUPERIOR",IF(K35=I35,"MANTENIMIENTO","DEFICIT"))) -> MANTENIMIENTO | M35: ='DAY 1'!M59 -> 0 | N35: =IF(OR(M35=0,K35=0),"—",IF(M35>K35,"RENDIMIENTO SUPERIOR",IF(M35=K35,"MANTENIMIENTO","DEFICIT"))) -> — | O35: ='DAY 1'!M69 -> 0 | P35: =IF(OR(O35=0,M35=0),"—",IF(O35>M35,"RENDIMIENTO SUPERIOR",IF(O35=M35,"MANTENIMIENTO","DEFICIT"))) -> — | Q35: ='DAY 1'!M79 -> 0 | R35: =IF(OR(Q35=0,O35=0),"—",IF(Q35>O35,"RENDIMIENTO SUPERIOR",IF(Q35=O35,"MANTENIMIENTO","DEFICIT"))) -> —
A36: DAY 1 | B36: Elevaciones laterales en polea baja | C36: ='DAY 1'!M10 -> 0 | D36: — | E36: ='DAY 1'!M20 -> 517.5 | F36: =IF(OR(E36=0,C36=0),"—",IF(E36>C36,"RENDIMIENTO SUPERIOR",IF(E36=C36,"MANTENIMIENTO","DEFICIT"))) -> — | G36: ='DAY 1'!M30 -> 622.5 | H36: =IF(OR(G36=0,E36=0),"—",IF(G36>E36,"RENDIMIENTO SUPERIOR",IF(G36=E36,"MANTENIMIENTO","DEFICIT"))) -> RENDIMIENTO SUPERIOR | I36: ='DAY 1'!M40 -> 517.5 | J36: =IF(OR(I36=0,G36=0),"—",IF(I36>G36,"RENDIMIENTO SUPERIOR",IF(I36=G36,"MANTENIMIENTO","DEFICIT"))) -> DEFICIT | K36: ='DAY 1'!M50 -> 540 | L36: =IF(OR(K36=0,I36=0),"—",IF(K36>I36,"RENDIMIENTO SUPERIOR",IF(K36=I36,"MANTENIMIENTO","DEFICIT"))) -> RENDIMIENTO SUPERIOR | M36: ='DAY 1'!M60 -> 0 | N36: =IF(OR(M36=0,K36=0),"—",IF(M36>K36,"RENDIMIENTO SUPERIOR",IF(M36=K36,"MANTENIMIENTO","DEFICIT"))) -> — | O36: ='DAY 1'!M70 -> 0 | P36: =IF(OR(O36=0,M36=0),"—",IF(O36>M36,"RENDIMIENTO SUPERIOR",IF(O36=M36,"MANTENIMIENTO","DEFICIT"))) -> — | Q36: ='DAY 1'!M80 -> 0 | R36: =IF(OR(Q36=0,O36=0),"—",IF(Q36>O36,"RENDIMIENTO SUPERIOR",IF(Q36=O36,"MANTENIMIENTO","DEFICIT"))) -> —
A37: DAY 1 | B37: Elevaciones laterales en polea media | C37: ='DAY 1'!M11 -> 0 | D37: — | E37: ='DAY 1'!M21 -> 675 | F37: =IF(OR(E37=0,C37=0),"—",IF(E37>C37,"RENDIMIENTO SUPERIOR",IF(E37=C37,"MANTENIMIENTO","DEFICIT"))) -> — | G37: ='DAY 1'!M31 -> 677.5 | H37: =IF(OR(G37=0,E37=0),"—",IF(G37>E37,"RENDIMIENTO SUPERIOR",IF(G37=E37,"MANTENIMIENTO","DEFICIT"))) -> RENDIMIENTO SUPERIOR | I37: ='DAY 1'!M41 -> 750 | J37: =IF(OR(I37=0,G37=0),"—",IF(I37>G37,"RENDIMIENTO SUPERIOR",IF(I37=G37,"MANTENIMIENTO","DEFICIT"))) -> RENDIMIENTO SUPERIOR | K37: ='DAY 1'!M51 -> 2475 | L37: =IF(OR(K37=0,I37=0),"—",IF(K37>I37,"RENDIMIENTO SUPERIOR",IF(K37=I37,"MANTENIMIENTO","DEFICIT"))) -> RENDIMIENTO SUPERIOR | M37: ='DAY 1'!M61 -> 0 | N37: =IF(OR(M37=0,K37=0),"—",IF(M37>K37,"RENDIMIENTO SUPERIOR",IF(M37=K37,"MANTENIMIENTO","DEFICIT"))) -> — | O37: ='DAY 1'!M71 -> 0 | P37: =IF(OR(O37=0,M37=0),"—",IF(O37>M37,"RENDIMIENTO SUPERIOR",IF(O37=M37,"MANTENIMIENTO","DEFICIT"))) -> — | Q37: ='DAY 1'!M81 -> 0 | R37: =IF(OR(Q37=0,O37=0),"—",IF(Q37>O37,"RENDIMIENTO SUPERIOR",IF(Q37=O37,"MANTENIMIENTO","DEFICIT"))) -> —
A38: DAY 1 | B38: Crunch abdominal en polea | C38: ='DAY 1'!M12 -> 0 | D38: — | E38: ='DAY 1'!M22 -> 2932.5 | F38: =IF(OR(E38=0,C38=0),"—",IF(E38>C38,"RENDIMIENTO SUPERIOR",IF(E38=C38,"MANTENIMIENTO","DEFICIT"))) -> — | G38: ='DAY 1'!M32 -> 2645 | H38: =IF(OR(G38=0,E38=0),"—",IF(G38>E38,"RENDIMIENTO SUPERIOR",IF(G38=E38,"MANTENIMIENTO","DEFICIT"))) -> DEFICIT | I38: ='DAY 1'!M42 -> 2760 | J38: =IF(OR(I38=0,G38=0),"—",IF(I38>G38,"RENDIMIENTO SUPERIOR",IF(I38=G38,"MANTENIMIENTO","DEFICIT"))) -> RENDIMIENTO SUPERIOR | K38: ='DAY 1'!M52 -> 900 | L38: =IF(OR(K38=0,I38=0),"—",IF(K38>I38,"RENDIMIENTO SUPERIOR",IF(K38=I38,"MANTENIMIENTO","DEFICIT"))) -> DEFICIT | M38: ='DAY 1'!M62 -> 0 | N38: =IF(OR(M38=0,K38=0),"—",IF(M38>K38,"RENDIMIENTO SUPERIOR",IF(M38=K38,"MANTENIMIENTO","DEFICIT"))) -> — | O38: ='DAY 1'!M72 -> 0 | P38: =IF(OR(O38=0,M38=0),"—",IF(O38>M38,"RENDIMIENTO SUPERIOR",IF(O38=M38,"MANTENIMIENTO","DEFICIT"))) -> — | Q38: ='DAY 1'!M82 -> 0 | R38: =IF(OR(Q38=0,O38=0),"—",IF(Q38>O38,"RENDIMIENTO SUPERIOR",IF(Q38=O38,"MANTENIMIENTO","DEFICIT"))) -> —
A39: DAY 2 | B39: Jalon al pecho con agarre neutro | C39: ='DAY 2'!M6 -> 0 | D39: — | E39: ='DAY 2'!M16 -> 2340 | F39: =IF(OR(E39=0,C39=0),"—",IF(E39>C39,"RENDIMIENTO SUPERIOR",IF(E39=C39,"MANTENIMIENTO","DEFICIT"))) -> — | G39: ='DAY 2'!M26 -> 2100 | H39: =IF(OR(G39=0,E39=0),"—",IF(G39>E39,"RENDIMIENTO SUPERIOR",IF(G39=E39,"MANTENIMIENTO","DEFICIT"))) -> DEFICIT | I39: ='DAY 2'!M36 -> 2450 | J39: =IF(OR(I39=0,G39=0),"—",IF(I39>G39,"RENDIMIENTO SUPERIOR",IF(I39=G39,"MANTENIMIENTO","DEFICIT"))) -> RENDIMIENTO SUPERIOR | K39: ='DAY 2'!M46 -> 0 | L39: =IF(OR(K39=0,I39=0),"—",IF(K39>I39,"RENDIMIENTO SUPERIOR",IF(K39=I39,"MANTENIMIENTO","DEFICIT"))) -> — | M39: ='DAY 2'!M56 | N39: =IF(OR(M39=0,K39=0),"—",IF(M39>K39,"RENDIMIENTO SUPERIOR",IF(M39=K39,"MANTENIMIENTO","DEFICIT"))) -> — | O39: ='DAY 2'!M66 -> 0 | P39: =IF(OR(O39=0,M39=0),"—",IF(O39>M39,"RENDIMIENTO SUPERIOR",IF(O39=M39,"MANTENIMIENTO","DEFICIT"))) -> — | Q39: ='DAY 2'!M76 -> 0 | R39: =IF(OR(Q39=0,O39=0),"—",IF(Q39>O39,"RENDIMIENTO SUPERIOR",IF(Q39=O39,"MANTENIMIENTO","DEFICIT"))) -> —
A40: DAY 2 | B40: Remo en maquina con apoyo en el pecho | C40: ='DAY 2'!M7 -> 0 | D40: — | E40: ='DAY 2'!M17 -> 1800 | F40: =IF(OR(E40=0,C40=0),"—",IF(E40>C40,"RENDIMIENTO SUPERIOR",IF(E40=C40,"MANTENIMIENTO","DEFICIT"))) -> — | G40: ='DAY 2'!M27 -> 1860 | H40: =IF(OR(G40=0,E40=0),"—",IF(G40>E40,"RENDIMIENTO SUPERIOR",IF(G40=E40,"MANTENIMIENTO","DEFICIT"))) -> RENDIMIENTO SUPERIOR | I40: ='DAY 2'!M37 -> 2400 | J40: =IF(OR(I40=0,G40=0),"—",IF(I40>G40,"RENDIMIENTO SUPERIOR",IF(I40=G40,"MANTENIMIENTO","DEFICIT"))) -> RENDIMIENTO SUPERIOR | K40: ='DAY 2'!M47 -> 0 | L40: =IF(OR(K40=0,I40=0),"—",IF(K40>I40,"RENDIMIENTO SUPERIOR",IF(K40=I40,"MANTENIMIENTO","DEFICIT"))) -> — | M40: ='DAY 2'!M57 | N40: =IF(OR(M40=0,K40=0),"—",IF(M40>K40,"RENDIMIENTO SUPERIOR",IF(M40=K40,"MANTENIMIENTO","DEFICIT"))) -> — | O40: ='DAY 2'!M67 -> 0 | P40: =IF(OR(O40=0,M40=0),"—",IF(O40>M40,"RENDIMIENTO SUPERIOR",IF(O40=M40,"MANTENIMIENTO","DEFICIT"))) -> — | Q40: ='DAY 2'!M77 -> 0 | R40: =IF(OR(Q40=0,O40=0),"—",IF(Q40>O40,"RENDIMIENTO SUPERIOR",IF(Q40=O40,"MANTENIMIENTO","DEFICIT"))) -> —
A41: DAY 2 | B41: Remo Gironda en polea baja | C41: ='DAY 2'!M8 -> 0 | D41: — | E41: ='DAY 2'!M18 -> 2200 | F41: =IF(OR(E41=0,C41=0),"—",IF(E41>C41,"RENDIMIENTO SUPERIOR",IF(E41=C41,"MANTENIMIENTO","DEFICIT"))) -> — | G41: ='DAY 2'!M28 -> 2640 | H41: =IF(OR(G41=0,E41=0),"—",IF(G41>E41,"RENDIMIENTO SUPERIOR",IF(G41=E41,"MANTENIMIENTO","DEFICIT"))) -> RENDIMIENTO SUPERIOR | I41: ='DAY 2'!M38 -> 2880 | J41: =IF(OR(I41=0,G41=0),"—",IF(I41>G41,"RENDIMIENTO SUPERIOR",IF(I41=G41,"MANTENIMIENTO","DEFICIT"))) -> RENDIMIENTO SUPERIOR | K41: ='DAY 2'!M48 -> 0 | L41: =IF(OR(K41=0,I41=0),"—",IF(K41>I41,"RENDIMIENTO SUPERIOR",IF(K41=I41,"MANTENIMIENTO","DEFICIT"))) -> — | M41: ='DAY 2'!M58 -> 0 | N41: =IF(OR(M41=0,K41=0),"—",IF(M41>K41,"RENDIMIENTO SUPERIOR",IF(M41=K41,"MANTENIMIENTO","DEFICIT"))) -> — | O41: ='DAY 2'!M68 | P41: =IF(OR(O41=0,M41=0),"—",IF(O41>M41,"RENDIMIENTO SUPERIOR",IF(O41=M41,"MANTENIMIENTO","DEFICIT"))) -> — | Q41: ='DAY 2'!M78 -> 0 | R41: =IF(OR(Q41=0,O41=0),"—",IF(Q41>O41,"RENDIMIENTO SUPERIOR",IF(Q41=O41,"MANTENIMIENTO","DEFICIT"))) -> —
A42: DAY 2 | B42: Pull-over con cuerda en polea alta | C42: ='DAY 2'!M9 -> 0 | D42: — | E42: ='DAY 2'!M19 -> 1080 | F42: =IF(OR(E42=0,C42=0),"—",IF(E42>C42,"RENDIMIENTO SUPERIOR",IF(E42=C42,"MANTENIMIENTO","DEFICIT"))) -> — | G42: ='DAY 2'!M29 -> 1105 | H42: =IF(OR(G42=0,E42=0),"—",IF(G42>E42,"RENDIMIENTO SUPERIOR",IF(G42=E42,"MANTENIMIENTO","DEFICIT"))) -> RENDIMIENTO SUPERIOR | I42: ='DAY 2'!M39 -> 1080 | J42: =IF(OR(I42=0,G42=0),"—",IF(I42>G42,"RENDIMIENTO SUPERIOR",IF(I42=G42,"MANTENIMIENTO","DEFICIT"))) -> DEFICIT | K42: ='DAY 2'!M49 -> 0 | L42: =IF(OR(K42=0,I42=0),"—",IF(K42>I42,"RENDIMIENTO SUPERIOR",IF(K42=I42,"MANTENIMIENTO","DEFICIT"))) -> — | M42: ='DAY 2'!M59 -> 0 | N42: =IF(OR(M42=0,K42=0),"—",IF(M42>K42,"RENDIMIENTO SUPERIOR",IF(M42=K42,"MANTENIMIENTO","DEFICIT"))) -> — | O42: ='DAY 2'!M69 | P42: =IF(OR(O42=0,M42=0),"—",IF(O42>M42,"RENDIMIENTO SUPERIOR",IF(O42=M42,"MANTENIMIENTO","DEFICIT"))) -> — | Q42: ='DAY 2'!M79 -> 0 | R42: =IF(OR(Q42=0,O42=0),"—",IF(Q42>O42,"RENDIMIENTO SUPERIOR",IF(Q42=O42,"MANTENIMIENTO","DEFICIT"))) -> —
A43: DAY 2 | B43: Pajaros para deltoide posterior en maquina | C43: ='DAY 2'!M10 -> 0 | D43: — | E43: ='DAY 2'!M20 -> 1050 | F43: =IF(OR(E43=0,C43=0),"—",IF(E43>C43,"RENDIMIENTO SUPERIOR",IF(E43=C43,"MANTENIMIENTO","DEFICIT"))) -> — | G43: ='DAY 2'!M30 -> 1260 | H43: =IF(OR(G43=0,E43=0),"—",IF(G43>E43,"RENDIMIENTO SUPERIOR",IF(G43=E43,"MANTENIMIENTO","DEFICIT"))) -> RENDIMIENTO SUPERIOR | I43: ='DAY 2'!M40 -> 1260 | J43: =IF(OR(I43=0,G43=0),"—",IF(I43>G43,"RENDIMIENTO SUPERIOR",IF(I43=G43,"MANTENIMIENTO","DEFICIT"))) -> MANTENIMIENTO | K43: ='DAY 2'!M50 -> 0 | L43: =IF(OR(K43=0,I43=0),"—",IF(K43>I43,"RENDIMIENTO SUPERIOR",IF(K43=I43,"MANTENIMIENTO","DEFICIT"))) -> — | M43: ='DAY 2'!M60 -> 0 | N43: =IF(OR(M43=0,K43=0),"—",IF(M43>K43,"RENDIMIENTO SUPERIOR",IF(M43=K43,"MANTENIMIENTO","DEFICIT"))) -> — | O43: ='DAY 2'!M70 -> 0 | P43: =IF(OR(O43=0,M43=0),"—",IF(O43>M43,"RENDIMIENTO SUPERIOR",IF(O43=M43,"MANTENIMIENTO","DEFICIT"))) -> — | Q43: ='DAY 2'!M80 | R43: =IF(OR(Q43=0,O43=0),"—",IF(Q43>O43,"RENDIMIENTO SUPERIOR",IF(Q43=O43,"MANTENIMIENTO","DEFICIT"))) -> —
A44: DAY 2 | B44: Curl Scott en maquina | C44: ='DAY 2'!M11 -> 0 | D44: — | E44: ='DAY 2'!M21 -> 540 | F44: =IF(OR(E44=0,C44=0),"—",IF(E44>C44,"RENDIMIENTO SUPERIOR",IF(E44=C44,"MANTENIMIENTO","DEFICIT"))) -> — | G44: ='DAY 2'!M31 -> 540 | H44: =IF(OR(G44=0,E44=0),"—",IF(G44>E44,"RENDIMIENTO SUPERIOR",IF(G44=E44,"MANTENIMIENTO","DEFICIT"))) -> MANTENIMIENTO | I44: ='DAY 2'!M41 -> 540 | J44: =IF(OR(I44=0,G44=0),"—",IF(I44>G44,"RENDIMIENTO SUPERIOR",IF(I44=G44,"MANTENIMIENTO","DEFICIT"))) -> MANTENIMIENTO | K44: ='DAY 2'!M51 -> 0 | L44: =IF(OR(K44=0,I44=0),"—",IF(K44>I44,"RENDIMIENTO SUPERIOR",IF(K44=I44,"MANTENIMIENTO","DEFICIT"))) -> — | M44: ='DAY 2'!M61 -> 0 | N44: =IF(OR(M44=0,K44=0),"—",IF(M44>K44,"RENDIMIENTO SUPERIOR",IF(M44=K44,"MANTENIMIENTO","DEFICIT"))) -> — | O44: ='DAY 2'!M71 -> 0 | P44: =IF(OR(O44=0,M44=0),"—",IF(O44>M44,"RENDIMIENTO SUPERIOR",IF(O44=M44,"MANTENIMIENTO","DEFICIT"))) -> — | Q44: ='DAY 2'!M81 | R44: =IF(OR(Q44=0,O44=0),"—",IF(Q44>O44,"RENDIMIENTO SUPERIOR",IF(Q44=O44,"MANTENIMIENTO","DEFICIT"))) -> —
A45: DAY 2 | B45: Rueda abdominal | C45: ='DAY 2'!M12 -> 0 | D45: — | E45: ='DAY 2'!M22 -> 2475 | F45: =IF(OR(E45=0,C45=0),"—",IF(E45>C45,"RENDIMIENTO SUPERIOR",IF(E45=C45,"MANTENIMIENTO","DEFICIT"))) -> — | G45: ='DAY 2'!M32 -> 1980 | H45: =IF(OR(G45=0,E45=0),"—",IF(G45>E45,"RENDIMIENTO SUPERIOR",IF(G45=E45,"MANTENIMIENTO","DEFICIT"))) -> DEFICIT | I45: ='DAY 2'!M42 -> 1980 | J45: =IF(OR(I45=0,G45=0),"—",IF(I45>G45,"RENDIMIENTO SUPERIOR",IF(I45=G45,"MANTENIMIENTO","DEFICIT"))) -> MANTENIMIENTO | K45: ='DAY 2'!M52 -> 0 | L45: =IF(OR(K45=0,I45=0),"—",IF(K45>I45,"RENDIMIENTO SUPERIOR",IF(K45=I45,"MANTENIMIENTO","DEFICIT"))) -> — | M45: ='DAY 2'!M62 -> 0 | N45: =IF(OR(M45=0,K45=0),"—",IF(M45>K45,"RENDIMIENTO SUPERIOR",IF(M45=K45,"MANTENIMIENTO","DEFICIT"))) -> — | O45: ='DAY 2'!M72 -> 0 | P45: =IF(OR(O45=0,M45=0),"—",IF(O45>M45,"RENDIMIENTO SUPERIOR",IF(O45=M45,"MANTENIMIENTO","DEFICIT"))) -> — | Q45: ='DAY 2'!M82 -> 0 | R45: =IF(OR(Q45=0,O45=0),"—",IF(Q45>O45,"RENDIMIENTO SUPERIOR",IF(Q45=O45,"MANTENIMIENTO","DEFICIT"))) -> —
A46: DAY 3 | B46: Press plano en maquina | C46: ='DAY 3'!M6 -> 0 | D46: — | E46: ='DAY 3'!M19 -> 1200 | F46: =IF(OR(E46=0,C46=0),"—",IF(E46>C46,"RENDIMIENTO SUPERIOR",IF(E46=C46,"MANTENIMIENTO","DEFICIT"))) -> — | G46: ='DAY 3'!M32 -> 1380 | H46: =IF(OR(G46=0,E46=0),"—",IF(G46>E46,"RENDIMIENTO SUPERIOR",IF(G46=E46,"MANTENIMIENTO","DEFICIT"))) -> RENDIMIENTO SUPERIOR | I46: ='DAY 3'!M45 -> 1600 | J46: =IF(OR(I46=0,G46=0),"—",IF(I46>G46,"RENDIMIENTO SUPERIOR",IF(I46=G46,"MANTENIMIENTO","DEFICIT"))) -> RENDIMIENTO SUPERIOR | K46: ='DAY 3'!M58 -> 0 | L46: =IF(OR(K46=0,I46=0),"—",IF(K46>I46,"RENDIMIENTO SUPERIOR",IF(K46=I46,"MANTENIMIENTO","DEFICIT"))) -> — | M46: ='DAY 3'!M71 -> 0 | N46: =IF(OR(M46=0,K46=0),"—",IF(M46>K46,"RENDIMIENTO SUPERIOR",IF(M46=K46,"MANTENIMIENTO","DEFICIT"))) -> — | O46: ='DAY 3'!M84 -> 0 | P46: =IF(OR(O46=0,M46=0),"—",IF(O46>M46,"RENDIMIENTO SUPERIOR",IF(O46=M46,"MANTENIMIENTO","DEFICIT"))) -> — | Q46: ='DAY 3'!M97 -> 0 | R46: =IF(OR(Q46=0,O46=0),"—",IF(Q46>O46,"RENDIMIENTO SUPERIOR",IF(Q46=O46,"MANTENIMIENTO","DEFICIT"))) -> —
A47: DAY 3 | B47: Press inclinado en multipower | C47: ='DAY 3'!M7 -> 0 | D47: — | E47: ='DAY 3'!M20 -> 1550 | F47: =IF(OR(E47=0,C47=0),"—",IF(E47>C47,"RENDIMIENTO SUPERIOR",IF(E47=C47,"MANTENIMIENTO","DEFICIT"))) -> — | G47: ='DAY 3'!M33 -> 1200 | H47: =IF(OR(G47=0,E47=0),"—",IF(G47>E47,"RENDIMIENTO SUPERIOR",IF(G47=E47,"MANTENIMIENTO","DEFICIT"))) -> DEFICIT | I47: ='DAY 3'!M46 -> 1440 | J47: =IF(OR(I47=0,G47=0),"—",IF(I47>G47,"RENDIMIENTO SUPERIOR",IF(I47=G47,"MANTENIMIENTO","DEFICIT"))) -> RENDIMIENTO SUPERIOR | K47: ='DAY 3'!M59 -> 0 | L47: =IF(OR(K47=0,I47=0),"—",IF(K47>I47,"RENDIMIENTO SUPERIOR",IF(K47=I47,"MANTENIMIENTO","DEFICIT"))) -> — | M47: ='DAY 3'!M72 -> 0 | N47: =IF(OR(M47=0,K47=0),"—",IF(M47>K47,"RENDIMIENTO SUPERIOR",IF(M47=K47,"MANTENIMIENTO","DEFICIT"))) -> — | O47: ='DAY 3'!M85 -> 0 | P47: =IF(OR(O47=0,M47=0),"—",IF(O47>M47,"RENDIMIENTO SUPERIOR",IF(O47=M47,"MANTENIMIENTO","DEFICIT"))) -> — | Q47: ='DAY 3'!M98 -> 0 | R47: =IF(OR(Q47=0,O47=0),"—",IF(Q47>O47,"RENDIMIENTO SUPERIOR",IF(Q47=O47,"MANTENIMIENTO","DEFICIT"))) -> —
A48: DAY 3 | B48: Press declinado en maquina | C48: ='DAY 3'!M8 -> 0 | D48: — | E48: ='DAY 3'!M21 -> 1275 | F48: =IF(OR(E48=0,C48=0),"—",IF(E48>C48,"RENDIMIENTO SUPERIOR",IF(E48=C48,"MANTENIMIENTO","DEFICIT"))) -> — | G48: ='DAY 3'!M34 -> 1510 | H48: =IF(OR(G48=0,E48=0),"—",IF(G48>E48,"RENDIMIENTO SUPERIOR",IF(G48=E48,"MANTENIMIENTO","DEFICIT"))) -> RENDIMIENTO SUPERIOR | I48: ='DAY 3'!M47 -> 1600 | J48: =IF(OR(I48=0,G48=0),"—",IF(I48>G48,"RENDIMIENTO SUPERIOR",IF(I48=G48,"MANTENIMIENTO","DEFICIT"))) -> RENDIMIENTO SUPERIOR | K48: ='DAY 3'!M60 -> 0 | L48: =IF(OR(K48=0,I48=0),"—",IF(K48>I48,"RENDIMIENTO SUPERIOR",IF(K48=I48,"MANTENIMIENTO","DEFICIT"))) -> — | M48: ='DAY 3'!M73 -> 0 | N48: =IF(OR(M48=0,K48=0),"—",IF(M48>K48,"RENDIMIENTO SUPERIOR",IF(M48=K48,"MANTENIMIENTO","DEFICIT"))) -> — | O48: ='DAY 3'!M86 -> 0 | P48: =IF(OR(O48=0,M48=0),"—",IF(O48>M48,"RENDIMIENTO SUPERIOR",IF(O48=M48,"MANTENIMIENTO","DEFICIT"))) -> — | Q48: ='DAY 3'!M99 -> 0 | R48: =IF(OR(Q48=0,O48=0),"—",IF(Q48>O48,"RENDIMIENTO SUPERIOR",IF(Q48=O48,"MANTENIMIENTO","DEFICIT"))) -> —
A49: DAY 3 | B49: Aperturas en Pec-Deck | C49: ='DAY 3'!M9 -> 0 | D49: — | E49: ='DAY 3'!M22 -> 1530 | F49: =IF(OR(E49=0,C49=0),"—",IF(E49>C49,"RENDIMIENTO SUPERIOR",IF(E49=C49,"MANTENIMIENTO","DEFICIT"))) -> — | G49: ='DAY 3'!M35 -> 1530 | H49: =IF(OR(G49=0,E49=0),"—",IF(G49>E49,"RENDIMIENTO SUPERIOR",IF(G49=E49,"MANTENIMIENTO","DEFICIT"))) -> MANTENIMIENTO | I49: ='DAY 3'!M48 -> 1530 | J49: =IF(OR(I49=0,G49=0),"—",IF(I49>G49,"RENDIMIENTO SUPERIOR",IF(I49=G49,"MANTENIMIENTO","DEFICIT"))) -> MANTENIMIENTO | K49: ='DAY 3'!M61 -> 0 | L49: =IF(OR(K49=0,I49=0),"—",IF(K49>I49,"RENDIMIENTO SUPERIOR",IF(K49=I49,"MANTENIMIENTO","DEFICIT"))) -> — | M49: ='DAY 3'!M74 -> 0 | N49: =IF(OR(M49=0,K49=0),"—",IF(M49>K49,"RENDIMIENTO SUPERIOR",IF(M49=K49,"MANTENIMIENTO","DEFICIT"))) -> — | O49: ='DAY 3'!M87 -> 0 | P49: =IF(OR(O49=0,M49=0),"—",IF(O49>M49,"RENDIMIENTO SUPERIOR",IF(O49=M49,"MANTENIMIENTO","DEFICIT"))) -> — | Q49: ='DAY 3'!M100 -> 0 | R49: =IF(OR(Q49=0,O49=0),"—",IF(Q49>O49,"RENDIMIENTO SUPERIOR",IF(Q49=O49,"MANTENIMIENTO","DEFICIT"))) -> —
A50: DAY 3 | B50: Elevaciones laterales con mancuerna | C50: ='DAY 3'!M10 -> 0 | D50: — | E50: ='DAY 3'!M23 -> 405 | F50: =IF(OR(E50=0,C50=0),"—",IF(E50>C50,"RENDIMIENTO SUPERIOR",IF(E50=C50,"MANTENIMIENTO","DEFICIT"))) -> — | G50: ='DAY 3'!M36 -> 400 | H50: =IF(OR(G50=0,E50=0),"—",IF(G50>E50,"RENDIMIENTO SUPERIOR",IF(G50=E50,"MANTENIMIENTO","DEFICIT"))) -> DEFICIT | I50: ='DAY 3'!M49 -> 450 | J50: =IF(OR(I50=0,G50=0),"—",IF(I50>G50,"RENDIMIENTO SUPERIOR",IF(I50=G50,"MANTENIMIENTO","DEFICIT"))) -> RENDIMIENTO SUPERIOR | K50: ='DAY 3'!M62 -> 0 | L50: =IF(OR(K50=0,I50=0),"—",IF(K50>I50,"RENDIMIENTO SUPERIOR",IF(K50=I50,"MANTENIMIENTO","DEFICIT"))) -> — | M50: ='DAY 3'!M75 -> 0 | N50: =IF(OR(M50=0,K50=0),"—",IF(M50>K50,"RENDIMIENTO SUPERIOR",IF(M50=K50,"MANTENIMIENTO","DEFICIT"))) -> — | O50: ='DAY 3'!M88 -> 0 | P50: =IF(OR(O50=0,M50=0),"—",IF(O50>M50,"RENDIMIENTO SUPERIOR",IF(O50=M50,"MANTENIMIENTO","DEFICIT"))) -> — | Q50: ='DAY 3'!M101 -> 0 | R50: =IF(OR(Q50=0,O50=0),"—",IF(Q50>O50,"RENDIMIENTO SUPERIOR",IF(Q50=O50,"MANTENIMIENTO","DEFICIT"))) -> —
A51: DAY 3 | B51: Elevaciones laterales en polea baja | C51: ='DAY 3'!M11 -> 0 | D51: — | E51: ='DAY 3'!M24 -> 517.5 | F51: =IF(OR(E51=0,C51=0),"—",IF(E51>C51,"RENDIMIENTO SUPERIOR",IF(E51=C51,"MANTENIMIENTO","DEFICIT"))) -> — | G51: ='DAY 3'!M37 -> 562.5 | H51: =IF(OR(G51=0,E51=0),"—",IF(G51>E51,"RENDIMIENTO SUPERIOR",IF(G51=E51,"MANTENIMIENTO","DEFICIT"))) -> RENDIMIENTO SUPERIOR | I51: ='DAY 3'!M50 -> 562.5 | J51: =IF(OR(I51=0,G51=0),"—",IF(I51>G51,"RENDIMIENTO SUPERIOR",IF(I51=G51,"MANTENIMIENTO","DEFICIT"))) -> MANTENIMIENTO | K51: ='DAY 3'!M63 -> 0 | L51: =IF(OR(K51=0,I51=0),"—",IF(K51>I51,"RENDIMIENTO SUPERIOR",IF(K51=I51,"MANTENIMIENTO","DEFICIT"))) -> — | M51: ='DAY 3'!M76 -> 0 | N51: =IF(OR(M51=0,K51=0),"—",IF(M51>K51,"RENDIMIENTO SUPERIOR",IF(M51=K51,"MANTENIMIENTO","DEFICIT"))) -> — | O51: ='DAY 3'!M89 -> 0 | P51: =IF(OR(O51=0,M51=0),"—",IF(O51>M51,"RENDIMIENTO SUPERIOR",IF(O51=M51,"MANTENIMIENTO","DEFICIT"))) -> — | Q51: ='DAY 3'!M102 -> 0 | R51: =IF(OR(Q51=0,O51=0),"—",IF(Q51>O51,"RENDIMIENTO SUPERIOR",IF(Q51=O51,"MANTENIMIENTO","DEFICIT"))) -> —
A52: DAY 3 | B52: Elevaciones laterales en polea media | C52: ='DAY 3'!M12 -> 0 | D52: — | E52: ='DAY 3'!M25 -> 675 | F52: =IF(OR(E52=0,C52=0),"—",IF(E52>C52,"RENDIMIENTO SUPERIOR",IF(E52=C52,"MANTENIMIENTO","DEFICIT"))) -> — | G52: ='DAY 3'!M38 -> 900 | H52: =IF(OR(G52=0,E52=0),"—",IF(G52>E52,"RENDIMIENTO SUPERIOR",IF(G52=E52,"MANTENIMIENTO","DEFICIT"))) -> RENDIMIENTO SUPERIOR | I52: ='DAY 3'!M51 -> 900 | J52: =IF(OR(I52=0,G52=0),"—",IF(I52>G52,"RENDIMIENTO SUPERIOR",IF(I52=G52,"MANTENIMIENTO","DEFICIT"))) -> MANTENIMIENTO | K52: ='DAY 3'!M64 -> 0 | L52: =IF(OR(K52=0,I52=0),"—",IF(K52>I52,"RENDIMIENTO SUPERIOR",IF(K52=I52,"MANTENIMIENTO","DEFICIT"))) -> — | M52: ='DAY 3'!M77 -> 0 | N52: =IF(OR(M52=0,K52=0),"—",IF(M52>K52,"RENDIMIENTO SUPERIOR",IF(M52=K52,"MANTENIMIENTO","DEFICIT"))) -> — | O52: ='DAY 3'!M90 -> 0 | P52: =IF(OR(O52=0,M52=0),"—",IF(O52>M52,"RENDIMIENTO SUPERIOR",IF(O52=M52,"MANTENIMIENTO","DEFICIT"))) -> — | Q52: ='DAY 3'!M103 -> 0 | R52: =IF(OR(Q52=0,O52=0),"—",IF(Q52>O52,"RENDIMIENTO SUPERIOR",IF(Q52=O52,"MANTENIMIENTO","DEFICIT"))) -> —
A53: DAY 3 | B53: Extension de triceps en polea alta | C53: ='DAY 3'!M13 -> 0 | D53: — | E53: ='DAY 3'!M26 -> 760 | F53: =IF(OR(E53=0,C53=0),"—",IF(E53>C53,"RENDIMIENTO SUPERIOR",IF(E53=C53,"MANTENIMIENTO","DEFICIT"))) -> — | G53: ='DAY 3'!M39 -> 900 | H53: =IF(OR(G53=0,E53=0),"—",IF(G53>E53,"RENDIMIENTO SUPERIOR",IF(G53=E53,"MANTENIMIENTO","DEFICIT"))) -> RENDIMIENTO SUPERIOR | I53: ='DAY 3'!M52 -> 900 | J53: =IF(OR(I53=0,G53=0),"—",IF(I53>G53,"RENDIMIENTO SUPERIOR",IF(I53=G53,"MANTENIMIENTO","DEFICIT"))) -> MANTENIMIENTO | K53: ='DAY 3'!M65 -> 0 | L53: =IF(OR(K53=0,I53=0),"—",IF(K53>I53,"RENDIMIENTO SUPERIOR",IF(K53=I53,"MANTENIMIENTO","DEFICIT"))) -> — | M53: ='DAY 3'!M78 -> 0 | N53: =IF(OR(M53=0,K53=0),"—",IF(M53>K53,"RENDIMIENTO SUPERIOR",IF(M53=K53,"MANTENIMIENTO","DEFICIT"))) -> — | O53: ='DAY 3'!M91 -> 0 | P53: =IF(OR(O53=0,M53=0),"—",IF(O53>M53,"RENDIMIENTO SUPERIOR",IF(O53=M53,"MANTENIMIENTO","DEFICIT"))) -> — | Q53: ='DAY 3'!M104 -> 0 | R53: =IF(OR(Q53=0,O53=0),"—",IF(Q53>O53,"RENDIMIENTO SUPERIOR",IF(Q53=O53,"MANTENIMIENTO","DEFICIT"))) -> —
A54: DAY 3 | B54: Extensiones Katana en polea | C54: ='DAY 3'!M14 -> 0 | D54: — | E54: ='DAY 3'!M27 -> 480 | F54: =IF(OR(E54=0,C54=0),"—",IF(E54>C54,"RENDIMIENTO SUPERIOR",IF(E54=C54,"MANTENIMIENTO","DEFICIT"))) -> — | G54: ='DAY 3'!M40 -> 540 | H54: =IF(OR(G54=0,E54=0),"—",IF(G54>E54,"RENDIMIENTO SUPERIOR",IF(G54=E54,"MANTENIMIENTO","DEFICIT"))) -> RENDIMIENTO SUPERIOR | I54: ='DAY 3'!M53 -> 540 | J54: =IF(OR(I54=0,G54=0),"—",IF(I54>G54,"RENDIMIENTO SUPERIOR",IF(I54=G54,"MANTENIMIENTO","DEFICIT"))) -> MANTENIMIENTO | K54: ='DAY 3'!M66 -> 0 | L54: =IF(OR(K54=0,I54=0),"—",IF(K54>I54,"RENDIMIENTO SUPERIOR",IF(K54=I54,"MANTENIMIENTO","DEFICIT"))) -> — | M54: ='DAY 3'!M79 -> 0 | N54: =IF(OR(M54=0,K54=0),"—",IF(M54>K54,"RENDIMIENTO SUPERIOR",IF(M54=K54,"MANTENIMIENTO","DEFICIT"))) -> — | O54: ='DAY 3'!M92 -> 0 | P54: =IF(OR(O54=0,M54=0),"—",IF(O54>M54,"RENDIMIENTO SUPERIOR",IF(O54=M54,"MANTENIMIENTO","DEFICIT"))) -> — | Q54: ='DAY 3'!M105 -> 0 | R54: =IF(OR(Q54=0,O54=0),"—",IF(Q54>O54,"RENDIMIENTO SUPERIOR",IF(Q54=O54,"MANTENIMIENTO","DEFICIT"))) -> —
A55: DAY 3 | B55: Crunch abdominal en polea | C55: ='DAY 3'!M15 -> 0 | D55: — | E55: ='DAY 3'!M28 -> 2600 | F55: =IF(OR(E55=0,C55=0),"—",IF(E55>C55,"RENDIMIENTO SUPERIOR",IF(E55=C55,"MANTENIMIENTO","DEFICIT"))) -> — | G55: ='DAY 3'!M41 -> 2760 | H55: =IF(OR(G55=0,E55=0),"—",IF(G55>E55,"RENDIMIENTO SUPERIOR",IF(G55=E55,"MANTENIMIENTO","DEFICIT"))) -> RENDIMIENTO SUPERIOR | I55: ='DAY 3'!M54 -> 2760 | J55: =IF(OR(I55=0,G55=0),"—",IF(I55>G55,"RENDIMIENTO SUPERIOR",IF(I55=G55,"MANTENIMIENTO","DEFICIT"))) -> MANTENIMIENTO | K55: ='DAY 3'!M67 -> 0 | L55: =IF(OR(K55=0,I55=0),"—",IF(K55>I55,"RENDIMIENTO SUPERIOR",IF(K55=I55,"MANTENIMIENTO","DEFICIT"))) -> — | M55: ='DAY 3'!M80 -> 0 | N55: =IF(OR(M55=0,K55=0),"—",IF(M55>K55,"RENDIMIENTO SUPERIOR",IF(M55=K55,"MANTENIMIENTO","DEFICIT"))) -> — | O55: ='DAY 3'!M93 -> 0 | P55: =IF(OR(O55=0,M55=0),"—",IF(O55>M55,"RENDIMIENTO SUPERIOR",IF(O55=M55,"MANTENIMIENTO","DEFICIT"))) -> — | Q55: ='DAY 3'!M106 -> 0 | R55: =IF(OR(Q55=0,O55=0),"—",IF(Q55>O55,"RENDIMIENTO SUPERIOR",IF(Q55=O55,"MANTENIMIENTO","DEFICIT"))) -> —
A56: DAY 4 | B56: Peso muerto rumano con mancuernas | C56: ='DAY 4'!M6 -> 630 | D56: — | E56: ='DAY 4'!M16 -> 540 | F56: =IF(OR(E56=0,C56=0),"—",IF(E56>C56,"RENDIMIENTO SUPERIOR",IF(E56=C56,"MANTENIMIENTO","DEFICIT"))) -> DEFICIT | G56: ='DAY 4'!M26 -> 540 | H56: =IF(OR(G56=0,E56=0),"—",IF(G56>E56,"RENDIMIENTO SUPERIOR",IF(G56=E56,"MANTENIMIENTO","DEFICIT"))) -> MANTENIMIENTO | I56: ='DAY 4'!M36 -> 540 | J56: =IF(OR(I56=0,G56=0),"—",IF(I56>G56,"RENDIMIENTO SUPERIOR",IF(I56=G56,"MANTENIMIENTO","DEFICIT"))) -> MANTENIMIENTO | K56: ='DAY 4'!M46 -> 0 | L56: =IF(OR(K56=0,I56=0),"—",IF(K56>I56,"RENDIMIENTO SUPERIOR",IF(K56=I56,"MANTENIMIENTO","DEFICIT"))) -> — | M56: ='DAY 4'!M56 -> 0 | N56: =IF(OR(M56=0,K56=0),"—",IF(M56>K56,"RENDIMIENTO SUPERIOR",IF(M56=K56,"MANTENIMIENTO","DEFICIT"))) -> — | O56: ='DAY 4'!M66 -> 0 | P56: =IF(OR(O56=0,M56=0),"—",IF(O56>M56,"RENDIMIENTO SUPERIOR",IF(O56=M56,"MANTENIMIENTO","DEFICIT"))) -> — | Q56: ='DAY 4'!M76 -> 0 | R56: =IF(OR(Q56=0,O56=0),"—",IF(Q56>O56,"RENDIMIENTO SUPERIOR",IF(Q56=O56,"MANTENIMIENTO","DEFICIT"))) -> —
A57: DAY 4 | B57: Prensa de piernas inclinada | C57: ='DAY 4'!M7 -> 4800 | D57: — | E57: ='DAY 4'!M17 -> 4650 | F57: =IF(OR(E57=0,C57=0),"—",IF(E57>C57,"RENDIMIENTO SUPERIOR",IF(E57=C57,"MANTENIMIENTO","DEFICIT"))) -> DEFICIT | G57: ='DAY 4'!M27 -> 4800 | H57: =IF(OR(G57=0,E57=0),"—",IF(G57>E57,"RENDIMIENTO SUPERIOR",IF(G57=E57,"MANTENIMIENTO","DEFICIT"))) -> RENDIMIENTO SUPERIOR | I57: ='DAY 4'!M37 -> 5310 | J57: =IF(OR(I57=0,G57=0),"—",IF(I57>G57,"RENDIMIENTO SUPERIOR",IF(I57=G57,"MANTENIMIENTO","DEFICIT"))) -> RENDIMIENTO SUPERIOR | K57: ='DAY 4'!M47 -> 0 | L57: =IF(OR(K57=0,I57=0),"—",IF(K57>I57,"RENDIMIENTO SUPERIOR",IF(K57=I57,"MANTENIMIENTO","DEFICIT"))) -> — | M57: ='DAY 4'!M57 -> 0 | N57: =IF(OR(M57=0,K57=0),"—",IF(M57>K57,"RENDIMIENTO SUPERIOR",IF(M57=K57,"MANTENIMIENTO","DEFICIT"))) -> — | O57: ='DAY 4'!M67 -> 0 | P57: =IF(OR(O57=0,M57=0),"—",IF(O57>M57,"RENDIMIENTO SUPERIOR",IF(O57=M57,"MANTENIMIENTO","DEFICIT"))) -> — | Q57: ='DAY 4'!M77 -> 0 | R57: =IF(OR(Q57=0,O57=0),"—",IF(Q57>O57,"RENDIMIENTO SUPERIOR",IF(Q57=O57,"MANTENIMIENTO","DEFICIT"))) -> —
A58: DAY 4 | B58: Extension de cuadriceps en maquina | C58: ='DAY 4'!M8 -> 2160 | D58: — | E58: ='DAY 4'!M18 -> 2160 | F58: =IF(OR(E58=0,C58=0),"—",IF(E58>C58,"RENDIMIENTO SUPERIOR",IF(E58=C58,"MANTENIMIENTO","DEFICIT"))) -> MANTENIMIENTO | G58: ='DAY 4'!M28 -> 2070 | H58: =IF(OR(G58=0,E58=0),"—",IF(G58>E58,"RENDIMIENTO SUPERIOR",IF(G58=E58,"MANTENIMIENTO","DEFICIT"))) -> DEFICIT | I58: ='DAY 4'!M38 -> 2070 | J58: =IF(OR(I58=0,G58=0),"—",IF(I58>G58,"RENDIMIENTO SUPERIOR",IF(I58=G58,"MANTENIMIENTO","DEFICIT"))) -> MANTENIMIENTO | K58: ='DAY 4'!M48 -> 0 | L58: =IF(OR(K58=0,I58=0),"—",IF(K58>I58,"RENDIMIENTO SUPERIOR",IF(K58=I58,"MANTENIMIENTO","DEFICIT"))) -> — | M58: ='DAY 4'!M58 -> 0 | N58: =IF(OR(M58=0,K58=0),"—",IF(M58>K58,"RENDIMIENTO SUPERIOR",IF(M58=K58,"MANTENIMIENTO","DEFICIT"))) -> — | O58: ='DAY 4'!M68 -> 0 | P58: =IF(OR(O58=0,M58=0),"—",IF(O58>M58,"RENDIMIENTO SUPERIOR",IF(O58=M58,"MANTENIMIENTO","DEFICIT"))) -> — | Q58: ='DAY 4'!M78 -> 0 | R58: =IF(OR(Q58=0,O58=0),"—",IF(Q58>O58,"RENDIMIENTO SUPERIOR",IF(Q58=O58,"MANTENIMIENTO","DEFICIT"))) -> —
A59: DAY 4 | B59: Curl femoral sentado en maquina | C59: ='DAY 4'!M9 -> 1757.5 | D59: — | E59: ='DAY 4'!M19 -> 1710 | F59: =IF(OR(E59=0,C59=0),"—",IF(E59>C59,"RENDIMIENTO SUPERIOR",IF(E59=C59,"MANTENIMIENTO","DEFICIT"))) -> DEFICIT | G59: ='DAY 4'!M29 -> 1530 | H59: =IF(OR(G59=0,E59=0),"—",IF(G59>E59,"RENDIMIENTO SUPERIOR",IF(G59=E59,"MANTENIMIENTO","DEFICIT"))) -> DEFICIT | I59: ='DAY 4'!M39 -> 1710 | J59: =IF(OR(I59=0,G59=0),"—",IF(I59>G59,"RENDIMIENTO SUPERIOR",IF(I59=G59,"MANTENIMIENTO","DEFICIT"))) -> RENDIMIENTO SUPERIOR | K59: ='DAY 4'!M49 -> 0 | L59: =IF(OR(K59=0,I59=0),"—",IF(K59>I59,"RENDIMIENTO SUPERIOR",IF(K59=I59,"MANTENIMIENTO","DEFICIT"))) -> — | M59: ='DAY 4'!M59 -> 0 | N59: =IF(OR(M59=0,K59=0),"—",IF(M59>K59,"RENDIMIENTO SUPERIOR",IF(M59=K59,"MANTENIMIENTO","DEFICIT"))) -> — | O59: ='DAY 4'!M69 -> 0 | P59: =IF(OR(O59=0,M59=0),"—",IF(O59>M59,"RENDIMIENTO SUPERIOR",IF(O59=M59,"MANTENIMIENTO","DEFICIT"))) -> — | Q59: ='DAY 4'!M79 -> 0 | R59: =IF(OR(Q59=0,O59=0),"—",IF(Q59>O59,"RENDIMIENTO SUPERIOR",IF(Q59=O59,"MANTENIMIENTO","DEFICIT"))) -> —
A60: DAY 4 | B60: Aductores en maquina | C60: ='DAY 4'!M10 -> 1505 | D60: — | E60: ='DAY 4'!M20 -> 1575 | F60: =IF(OR(E60=0,C60=0),"—",IF(E60>C60,"RENDIMIENTO SUPERIOR",IF(E60=C60,"MANTENIMIENTO","DEFICIT"))) -> RENDIMIENTO SUPERIOR | G60: ='DAY 4'!M30 -> 1260 | H60: =IF(OR(G60=0,E60=0),"—",IF(G60>E60,"RENDIMIENTO SUPERIOR",IF(G60=E60,"MANTENIMIENTO","DEFICIT"))) -> DEFICIT | I60: ='DAY 4'!M40 -> 1530 | J60: =IF(OR(I60=0,G60=0),"—",IF(I60>G60,"RENDIMIENTO SUPERIOR",IF(I60=G60,"MANTENIMIENTO","DEFICIT"))) -> RENDIMIENTO SUPERIOR | K60: ='DAY 4'!M50 -> 0 | L60: =IF(OR(K60=0,I60=0),"—",IF(K60>I60,"RENDIMIENTO SUPERIOR",IF(K60=I60,"MANTENIMIENTO","DEFICIT"))) -> — | M60: ='DAY 4'!M60 -> 0 | N60: =IF(OR(M60=0,K60=0),"—",IF(M60>K60,"RENDIMIENTO SUPERIOR",IF(M60=K60,"MANTENIMIENTO","DEFICIT"))) -> — | O60: ='DAY 4'!M70 -> 0 | P60: =IF(OR(O60=0,M60=0),"—",IF(O60>M60,"RENDIMIENTO SUPERIOR",IF(O60=M60,"MANTENIMIENTO","DEFICIT"))) -> — | Q60: ='DAY 4'!M80 -> 0 | R60: =IF(OR(Q60=0,O60=0),"—",IF(Q60>O60,"RENDIMIENTO SUPERIOR",IF(Q60=O60,"MANTENIMIENTO","DEFICIT"))) -> —
A61: DAY 4 | B61: Gemelos en prensa | C61: ='DAY 4'!M11 -> 5200 | D61: — | E61: ='DAY 4'!M21 -> 5400 | F61: =IF(OR(E61=0,C61=0),"—",IF(E61>C61,"RENDIMIENTO SUPERIOR",IF(E61=C61,"MANTENIMIENTO","DEFICIT"))) -> RENDIMIENTO SUPERIOR | G61: ='DAY 4'!M31 -> 5400 | H61: =IF(OR(G61=0,E61=0),"—",IF(G61>E61,"RENDIMIENTO SUPERIOR",IF(G61=E61,"MANTENIMIENTO","DEFICIT"))) -> MANTENIMIENTO | I61: ='DAY 4'!M41 -> 5400 | J61: =IF(OR(I61=0,G61=0),"—",IF(I61>G61,"RENDIMIENTO SUPERIOR",IF(I61=G61,"MANTENIMIENTO","DEFICIT"))) -> MANTENIMIENTO | K61: ='DAY 4'!M51 -> 0 | L61: =IF(OR(K61=0,I61=0),"—",IF(K61>I61,"RENDIMIENTO SUPERIOR",IF(K61=I61,"MANTENIMIENTO","DEFICIT"))) -> — | M61: ='DAY 4'!M61 -> 0 | N61: =IF(OR(M61=0,K61=0),"—",IF(M61>K61,"RENDIMIENTO SUPERIOR",IF(M61=K61,"MANTENIMIENTO","DEFICIT"))) -> — | O61: ='DAY 4'!M71 -> 0 | P61: =IF(OR(O61=0,M61=0),"—",IF(O61>M61,"RENDIMIENTO SUPERIOR",IF(O61=M61,"MANTENIMIENTO","DEFICIT"))) -> — | Q61: ='DAY 4'!M81 -> 0 | R61: =IF(OR(Q61=0,O61=0),"—",IF(Q61>O61,"RENDIMIENTO SUPERIOR",IF(Q61=O61,"MANTENIMIENTO","DEFICIT"))) -> —
A62: DAY 4 | B62: Elevaciones de piernas tumbado | C62: ='DAY 4'!M12 -> 1800 | D62: — | E62: ='DAY 4'!M22 -> 2000 | F62: =IF(OR(E62=0,C62=0),"—",IF(E62>C62,"RENDIMIENTO SUPERIOR",IF(E62=C62,"MANTENIMIENTO","DEFICIT"))) -> RENDIMIENTO SUPERIOR | G62: ='DAY 4'!M32 -> 1950 | H62: =IF(OR(G62=0,E62=0),"—",IF(G62>E62,"RENDIMIENTO SUPERIOR",IF(G62=E62,"MANTENIMIENTO","DEFICIT"))) -> DEFICIT | I62: ='DAY 4'!M42 -> 1950 | J62: =IF(OR(I62=0,G62=0),"—",IF(I62>G62,"RENDIMIENTO SUPERIOR",IF(I62=G62,"MANTENIMIENTO","DEFICIT"))) -> MANTENIMIENTO | K62: ='DAY 4'!M52 -> 0 | L62: =IF(OR(K62=0,I62=0),"—",IF(K62>I62,"RENDIMIENTO SUPERIOR",IF(K62=I62,"MANTENIMIENTO","DEFICIT"))) -> — | M62: ='DAY 4'!M62 -> 0 | N62: =IF(OR(M62=0,K62=0),"—",IF(M62>K62,"RENDIMIENTO SUPERIOR",IF(M62=K62,"MANTENIMIENTO","DEFICIT"))) -> — | O62: ='DAY 4'!M72 -> 0 | P62: =IF(OR(O62=0,M62=0),"—",IF(O62>M62,"RENDIMIENTO SUPERIOR",IF(O62=M62,"MANTENIMIENTO","DEFICIT"))) -> — | Q62: ='DAY 4'!M82 -> 0 | R62: =IF(OR(Q62=0,O62=0),"—",IF(Q62>O62,"RENDIMIENTO SUPERIOR",IF(Q62=O62,"MANTENIMIENTO","DEFICIT"))) -> —
A63: DAY 5 | B63: Remo Gironda en polea baja | C63: ='DAY 5'!M6 -> 2820 | D63: — | E63: ='DAY 5'!M15 -> 2640 | F63: =IF(OR(E63=0,C63=0),"—",IF(E63>C63,"RENDIMIENTO SUPERIOR",IF(E63=C63,"MANTENIMIENTO","DEFICIT"))) -> DEFICIT | G63: ='DAY 5'!M24 -> 2520 | H63: =IF(OR(G63=0,E63=0),"—",IF(G63>E63,"RENDIMIENTO SUPERIOR",IF(G63=E63,"MANTENIMIENTO","DEFICIT"))) -> DEFICIT | I63: ='DAY 5'!M33 -> 2520 | J63: =IF(OR(I63=0,G63=0),"—",IF(I63>G63,"RENDIMIENTO SUPERIOR",IF(I63=G63,"MANTENIMIENTO","DEFICIT"))) -> MANTENIMIENTO | K63: ='DAY 5'!M42 -> 12165 | L63: =IF(OR(K63=0,I63=0),"—",IF(K63>I63,"RENDIMIENTO SUPERIOR",IF(K63=I63,"MANTENIMIENTO","DEFICIT"))) -> RENDIMIENTO SUPERIOR | M63: ='DAY 5'!M51 -> 0 | N63: =IF(OR(M63=0,K63=0),"—",IF(M63>K63,"RENDIMIENTO SUPERIOR",IF(M63=K63,"MANTENIMIENTO","DEFICIT"))) -> — | O63: ='DAY 5'!M60 -> 0 | P63: =IF(OR(O63=0,M63=0),"—",IF(O63>M63,"RENDIMIENTO SUPERIOR",IF(O63=M63,"MANTENIMIENTO","DEFICIT"))) -> — | Q63: ='DAY 5'!M69 -> 0 | R63: =IF(OR(Q63=0,O63=0),"—",IF(Q63>O63,"RENDIMIENTO SUPERIOR",IF(Q63=O63,"MANTENIMIENTO","DEFICIT"))) -> —
A64: DAY 5 | B64: Jalon al pecho con agarre neutro | C64: ='DAY 5'!M7 -> 2520 | D64: — | E64: ='DAY 5'!M16 -> 2520 | F64: =IF(OR(E64=0,C64=0),"—",IF(E64>C64,"RENDIMIENTO SUPERIOR",IF(E64=C64,"MANTENIMIENTO","DEFICIT"))) -> MANTENIMIENTO | G64: ='DAY 5'!M25 -> 2600 | H64: =IF(OR(G64=0,E64=0),"—",IF(G64>E64,"RENDIMIENTO SUPERIOR",IF(G64=E64,"MANTENIMIENTO","DEFICIT"))) -> RENDIMIENTO SUPERIOR | I64: ='DAY 5'!M34 -> 2520 | J64: =IF(OR(I64=0,G64=0),"—",IF(I64>G64,"RENDIMIENTO SUPERIOR",IF(I64=G64,"MANTENIMIENTO","DEFICIT"))) -> DEFICIT | K64: ='DAY 5'!M43 | L64: =IF(OR(K64=0,I64=0),"—",IF(K64>I64,"RENDIMIENTO SUPERIOR",IF(K64=I64,"MANTENIMIENTO","DEFICIT"))) -> — | M64: ='DAY 5'!M52 -> 0 | N64: =IF(OR(M64=0,K64=0),"—",IF(M64>K64,"RENDIMIENTO SUPERIOR",IF(M64=K64,"MANTENIMIENTO","DEFICIT"))) -> — | O64: ='DAY 5'!M61 -> 0 | P64: =IF(OR(O64=0,M64=0),"—",IF(O64>M64,"RENDIMIENTO SUPERIOR",IF(O64=M64,"MANTENIMIENTO","DEFICIT"))) -> — | Q64: ='DAY 5'!M70 -> 0 | R64: =IF(OR(Q64=0,O64=0),"—",IF(Q64>O64,"RENDIMIENTO SUPERIOR",IF(Q64=O64,"MANTENIMIENTO","DEFICIT"))) -> —
A65: DAY 5 | B65: Remo unilateral en maquina | C65: ='DAY 5'!M8 -> 1020 | D65: — | E65: ='DAY 5'!M17 -> 900 | F65: =IF(OR(E65=0,C65=0),"—",IF(E65>C65,"RENDIMIENTO SUPERIOR",IF(E65=C65,"MANTENIMIENTO","DEFICIT"))) -> DEFICIT | G65: ='DAY 5'!M26 -> 1020 | H65: =IF(OR(G65=0,E65=0),"—",IF(G65>E65,"RENDIMIENTO SUPERIOR",IF(G65=E65,"MANTENIMIENTO","DEFICIT"))) -> RENDIMIENTO SUPERIOR | I65: ='DAY 5'!M35 -> 1800 | J65: =IF(OR(I65=0,G65=0),"—",IF(I65>G65,"RENDIMIENTO SUPERIOR",IF(I65=G65,"MANTENIMIENTO","DEFICIT"))) -> RENDIMIENTO SUPERIOR | K65: ='DAY 5'!M44 | L65: =IF(OR(K65=0,I65=0),"—",IF(K65>I65,"RENDIMIENTO SUPERIOR",IF(K65=I65,"MANTENIMIENTO","DEFICIT"))) -> — | M65: ='DAY 5'!M53 -> 0 | N65: =IF(OR(M65=0,K65=0),"—",IF(M65>K65,"RENDIMIENTO SUPERIOR",IF(M65=K65,"MANTENIMIENTO","DEFICIT"))) -> — | O65: ='DAY 5'!M62 -> 0 | P65: =IF(OR(O65=0,M65=0),"—",IF(O65>M65,"RENDIMIENTO SUPERIOR",IF(O65=M65,"MANTENIMIENTO","DEFICIT"))) -> — | Q65: ='DAY 5'!M71 -> 0 | R65: =IF(OR(Q65=0,O65=0),"—",IF(Q65>O65,"RENDIMIENTO SUPERIOR",IF(Q65=O65,"MANTENIMIENTO","DEFICIT"))) -> —
A66: DAY 5 | B66: Curl martillo con mancuernas | C66: ='DAY 5'!M9 -> 375 | D66: — | E66: ='DAY 5'!M18 -> 540 | F66: =IF(OR(E66=0,C66=0),"—",IF(E66>C66,"RENDIMIENTO SUPERIOR",IF(E66=C66,"MANTENIMIENTO","DEFICIT"))) -> RENDIMIENTO SUPERIOR | G66: ='DAY 5'!M27 -> 450 | H66: =IF(OR(G66=0,E66=0),"—",IF(G66>E66,"RENDIMIENTO SUPERIOR",IF(G66=E66,"MANTENIMIENTO","DEFICIT"))) -> DEFICIT | I66: ='DAY 5'!M36 -> 525 | J66: =IF(OR(I66=0,G66=0),"—",IF(I66>G66,"RENDIMIENTO SUPERIOR",IF(I66=G66,"MANTENIMIENTO","DEFICIT"))) -> RENDIMIENTO SUPERIOR | K66: ='DAY 5'!M45 -> 0 | L66: =IF(OR(K66=0,I66=0),"—",IF(K66>I66,"RENDIMIENTO SUPERIOR",IF(K66=I66,"MANTENIMIENTO","DEFICIT"))) -> — | M66: ='DAY 5'!M54 -> 0 | N66: =IF(OR(M66=0,K66=0),"—",IF(M66>K66,"RENDIMIENTO SUPERIOR",IF(M66=K66,"MANTENIMIENTO","DEFICIT"))) -> — | O66: ='DAY 5'!M63 -> 0 | P66: =IF(OR(O66=0,M66=0),"—",IF(O66>M66,"RENDIMIENTO SUPERIOR",IF(O66=M66,"MANTENIMIENTO","DEFICIT"))) -> — | Q66: ='DAY 5'!M72 -> 0 | R66: =IF(OR(Q66=0,O66=0),"—",IF(Q66>O66,"RENDIMIENTO SUPERIOR",IF(Q66=O66,"MANTENIMIENTO","DEFICIT"))) -> —
A67: DAY 5 | B67: Curl Bayesian en polea | C67: ='DAY 5'!M10 -> 560 | D67: — | E67: ='DAY 5'!M19 -> 600 | F67: =IF(OR(E67=0,C67=0),"—",IF(E67>C67,"RENDIMIENTO SUPERIOR",IF(E67=C67,"MANTENIMIENTO","DEFICIT"))) -> RENDIMIENTO SUPERIOR | G67: ='DAY 5'!M28 -> 760 | H67: =IF(OR(G67=0,E67=0),"—",IF(G67>E67,"RENDIMIENTO SUPERIOR",IF(G67=E67,"MANTENIMIENTO","DEFICIT"))) -> RENDIMIENTO SUPERIOR | I67: ='DAY 5'!M37 -> 300 | J67: =IF(OR(I67=0,G67=0),"—",IF(I67>G67,"RENDIMIENTO SUPERIOR",IF(I67=G67,"MANTENIMIENTO","DEFICIT"))) -> DEFICIT | K67: ='DAY 5'!M46 -> 0 | L67: =IF(OR(K67=0,I67=0),"—",IF(K67>I67,"RENDIMIENTO SUPERIOR",IF(K67=I67,"MANTENIMIENTO","DEFICIT"))) -> — | M67: ='DAY 5'!M55 | N67: =IF(OR(M67=0,K67=0),"—",IF(M67>K67,"RENDIMIENTO SUPERIOR",IF(M67=K67,"MANTENIMIENTO","DEFICIT"))) -> — | O67: ='DAY 5'!M64 -> 0 | P67: =IF(OR(O67=0,M67=0),"—",IF(O67>M67,"RENDIMIENTO SUPERIOR",IF(O67=M67,"MANTENIMIENTO","DEFICIT"))) -> — | Q67: ='DAY 5'!M73 -> 0 | R67: =IF(OR(Q67=0,O67=0),"—",IF(Q67>O67,"RENDIMIENTO SUPERIOR",IF(Q67=O67,"MANTENIMIENTO","DEFICIT"))) -> —
A68: DAY 5 | B68: Plancha abdominal lastrada | C68: ='DAY 5'!M11 -> 1800 | D68: — | E68: ='DAY 5'!M20 -> 1800 | F68: =IF(OR(E68=0,C68=0),"—",IF(E68>C68,"RENDIMIENTO SUPERIOR",IF(E68=C68,"MANTENIMIENTO","DEFICIT"))) -> MANTENIMIENTO | G68: ='DAY 5'!M29 -> 1800 | H68: =IF(OR(G68=0,E68=0),"—",IF(G68>E68,"RENDIMIENTO SUPERIOR",IF(G68=E68,"MANTENIMIENTO","DEFICIT"))) -> MANTENIMIENTO | I68: ='DAY 5'!M38 -> 1350 | J68: =IF(OR(I68=0,G68=0),"—",IF(I68>G68,"RENDIMIENTO SUPERIOR",IF(I68=G68,"MANTENIMIENTO","DEFICIT"))) -> DEFICIT | K68: ='DAY 5'!M47 -> 0 | L68: =IF(OR(K68=0,I68=0),"—",IF(K68>I68,"RENDIMIENTO SUPERIOR",IF(K68=I68,"MANTENIMIENTO","DEFICIT"))) -> — | M68: ='DAY 5'!M56 | N68: =IF(OR(M68=0,K68=0),"—",IF(M68>K68,"RENDIMIENTO SUPERIOR",IF(M68=K68,"MANTENIMIENTO","DEFICIT"))) -> — | O68: ='DAY 5'!M65 -> 0 | P68: =IF(OR(O68=0,M68=0),"—",IF(O68>M68,"RENDIMIENTO SUPERIOR",IF(O68=M68,"MANTENIMIENTO","DEFICIT"))) -> — | Q68: ='DAY 5'!M74 -> 0 | R68: =IF(OR(Q68=0,O68=0),"—",IF(Q68>O68,"RENDIMIENTO SUPERIOR",IF(Q68=O68,"MANTENIMIENTO","DEFICIT"))) -> —
A69: DAY 6 | B69: Elevaciones laterales con mancuerna | C69: ='DAY 6'!M6 -> 360 | D69: — | E69: ='DAY 6'!M19 -> 360 | F69: =IF(OR(E69=0,C69=0),"—",IF(E69>C69,"RENDIMIENTO SUPERIOR",IF(E69=C69,"MANTENIMIENTO","DEFICIT"))) -> MANTENIMIENTO | G69: ='DAY 6'!M32 -> 410 | H69: =IF(OR(G69=0,E69=0),"—",IF(G69>E69,"RENDIMIENTO SUPERIOR",IF(G69=E69,"MANTENIMIENTO","DEFICIT"))) -> RENDIMIENTO SUPERIOR | I69: ='DAY 6'!M45 -> 450 | J69: =IF(OR(I69=0,G69=0),"—",IF(I69>G69,"RENDIMIENTO SUPERIOR",IF(I69=G69,"MANTENIMIENTO","DEFICIT"))) -> RENDIMIENTO SUPERIOR | K69: ='DAY 6'!M58 -> 0 | L69: =IF(OR(K69=0,I69=0),"—",IF(K69>I69,"RENDIMIENTO SUPERIOR",IF(K69=I69,"MANTENIMIENTO","DEFICIT"))) -> — | M69: ='DAY 6'!M71 -> 0 | N69: =IF(OR(M69=0,K69=0),"—",IF(M69>K69,"RENDIMIENTO SUPERIOR",IF(M69=K69,"MANTENIMIENTO","DEFICIT"))) -> — | O69: ='DAY 6'!M84 -> 0 | P69: =IF(OR(O69=0,M69=0),"—",IF(O69>M69,"RENDIMIENTO SUPERIOR",IF(O69=M69,"MANTENIMIENTO","DEFICIT"))) -> — | Q69: ='DAY 6'!M97 -> 0 | R69: =IF(OR(Q69=0,O69=0),"—",IF(Q69>O69,"RENDIMIENTO SUPERIOR",IF(Q69=O69,"MANTENIMIENTO","DEFICIT"))) -> —
A70: DAY 6 | B70: Elevaciones laterales en polea baja | C70: ='DAY 6'!M7 -> 517.5 | D70: — | E70: ='DAY 6'!M20 -> 517.5 | F70: =IF(OR(E70=0,C70=0),"—",IF(E70>C70,"RENDIMIENTO SUPERIOR",IF(E70=C70,"MANTENIMIENTO","DEFICIT"))) -> MANTENIMIENTO | G70: ='DAY 6'!M33 -> 540 | H70: =IF(OR(G70=0,E70=0),"—",IF(G70>E70,"RENDIMIENTO SUPERIOR",IF(G70=E70,"MANTENIMIENTO","DEFICIT"))) -> RENDIMIENTO SUPERIOR | I70: ='DAY 6'!M46 -> 540 | J70: =IF(OR(I70=0,G70=0),"—",IF(I70>G70,"RENDIMIENTO SUPERIOR",IF(I70=G70,"MANTENIMIENTO","DEFICIT"))) -> MANTENIMIENTO | K70: ='DAY 6'!M59 -> 0 | L70: =IF(OR(K70=0,I70=0),"—",IF(K70>I70,"RENDIMIENTO SUPERIOR",IF(K70=I70,"MANTENIMIENTO","DEFICIT"))) -> — | M70: ='DAY 6'!M72 -> 0 | N70: =IF(OR(M70=0,K70=0),"—",IF(M70>K70,"RENDIMIENTO SUPERIOR",IF(M70=K70,"MANTENIMIENTO","DEFICIT"))) -> — | O70: ='DAY 6'!M85 -> 0 | P70: =IF(OR(O70=0,M70=0),"—",IF(O70>M70,"RENDIMIENTO SUPERIOR",IF(O70=M70,"MANTENIMIENTO","DEFICIT"))) -> — | Q70: ='DAY 6'!M98 -> 0 | R70: =IF(OR(Q70=0,O70=0),"—",IF(Q70>O70,"RENDIMIENTO SUPERIOR",IF(Q70=O70,"MANTENIMIENTO","DEFICIT"))) -> —
A71: DAY 6 | B71: Elevaciones laterales en polea media | C71: ='DAY 6'!M8 -> 900 | D71: — | E71: ='DAY 6'!M21 -> 675 | F71: =IF(OR(E71=0,C71=0),"—",IF(E71>C71,"RENDIMIENTO SUPERIOR",IF(E71=C71,"MANTENIMIENTO","DEFICIT"))) -> DEFICIT | G71: ='DAY 6'!M34 -> 720 | H71: =IF(OR(G71=0,E71=0),"—",IF(G71>E71,"RENDIMIENTO SUPERIOR",IF(G71=E71,"MANTENIMIENTO","DEFICIT"))) -> RENDIMIENTO SUPERIOR | I71: ='DAY 6'!M47 -> 720 | J71: =IF(OR(I71=0,G71=0),"—",IF(I71>G71,"RENDIMIENTO SUPERIOR",IF(I71=G71,"MANTENIMIENTO","DEFICIT"))) -> MANTENIMIENTO | K71: ='DAY 6'!M60 -> 0 | L71: =IF(OR(K71=0,I71=0),"—",IF(K71>I71,"RENDIMIENTO SUPERIOR",IF(K71=I71,"MANTENIMIENTO","DEFICIT"))) -> — | M71: ='DAY 6'!M73 -> 0 | N71: =IF(OR(M71=0,K71=0),"—",IF(M71>K71,"RENDIMIENTO SUPERIOR",IF(M71=K71,"MANTENIMIENTO","DEFICIT"))) -> — | O71: ='DAY 6'!M86 -> 0 | P71: =IF(OR(O71=0,M71=0),"—",IF(O71>M71,"RENDIMIENTO SUPERIOR",IF(O71=M71,"MANTENIMIENTO","DEFICIT"))) -> — | Q71: ='DAY 6'!M99 -> 0 | R71: =IF(OR(Q71=0,O71=0),"—",IF(Q71>O71,"RENDIMIENTO SUPERIOR",IF(Q71=O71,"MANTENIMIENTO","DEFICIT"))) -> —
A72: DAY 6 | B72: Press inclinado con mancuernas | C72: ='DAY 6'!M9 -> 620 | D72: — | E72: ='DAY 6'!M22 -> 600 | F72: =IF(OR(E72=0,C72=0),"—",IF(E72>C72,"RENDIMIENTO SUPERIOR",IF(E72=C72,"MANTENIMIENTO","DEFICIT"))) -> DEFICIT | G72: ='DAY 6'!M35 -> 660 | H72: =IF(OR(G72=0,E72=0),"—",IF(G72>E72,"RENDIMIENTO SUPERIOR",IF(G72=E72,"MANTENIMIENTO","DEFICIT"))) -> RENDIMIENTO SUPERIOR | I72: ='DAY 6'!M48 -> 660 | J72: =IF(OR(I72=0,G72=0),"—",IF(I72>G72,"RENDIMIENTO SUPERIOR",IF(I72=G72,"MANTENIMIENTO","DEFICIT"))) -> MANTENIMIENTO | K72: ='DAY 6'!M61 -> 0 | L72: =IF(OR(K72=0,I72=0),"—",IF(K72>I72,"RENDIMIENTO SUPERIOR",IF(K72=I72,"MANTENIMIENTO","DEFICIT"))) -> — | M72: ='DAY 6'!M74 -> 0 | N72: =IF(OR(M72=0,K72=0),"—",IF(M72>K72,"RENDIMIENTO SUPERIOR",IF(M72=K72,"MANTENIMIENTO","DEFICIT"))) -> — | O72: ='DAY 6'!M87 -> 0 | P72: =IF(OR(O72=0,M72=0),"—",IF(O72>M72,"RENDIMIENTO SUPERIOR",IF(O72=M72,"MANTENIMIENTO","DEFICIT"))) -> — | Q72: ='DAY 6'!M100 -> 0 | R72: =IF(OR(Q72=0,O72=0),"—",IF(Q72>O72,"RENDIMIENTO SUPERIOR",IF(Q72=O72,"MANTENIMIENTO","DEFICIT"))) -> —
A73: DAY 6 | B73: Press plano convergente en maquina | C73: ='DAY 6'!M10 -> 1500 | D73: — | E73: ='DAY 6'!M23 -> 1620 | F73: =IF(OR(E73=0,C73=0),"—",IF(E73>C73,"RENDIMIENTO SUPERIOR",IF(E73=C73,"MANTENIMIENTO","DEFICIT"))) -> RENDIMIENTO SUPERIOR | G73: ='DAY 6'!M36 -> 1800 | H73: =IF(OR(G73=0,E73=0),"—",IF(G73>E73,"RENDIMIENTO SUPERIOR",IF(G73=E73,"MANTENIMIENTO","DEFICIT"))) -> RENDIMIENTO SUPERIOR | I73: ='DAY 6'!M49 -> 1800 | J73: =IF(OR(I73=0,G73=0),"—",IF(I73>G73,"RENDIMIENTO SUPERIOR",IF(I73=G73,"MANTENIMIENTO","DEFICIT"))) -> MANTENIMIENTO | K73: ='DAY 6'!M62 -> 0 | L73: =IF(OR(K73=0,I73=0),"—",IF(K73>I73,"RENDIMIENTO SUPERIOR",IF(K73=I73,"MANTENIMIENTO","DEFICIT"))) -> — | M73: ='DAY 6'!M75 -> 0 | N73: =IF(OR(M73=0,K73=0),"—",IF(M73>K73,"RENDIMIENTO SUPERIOR",IF(M73=K73,"MANTENIMIENTO","DEFICIT"))) -> — | O73: ='DAY 6'!M88 -> 0 | P73: =IF(OR(O73=0,M73=0),"—",IF(O73>M73,"RENDIMIENTO SUPERIOR",IF(O73=M73,"MANTENIMIENTO","DEFICIT"))) -> — | Q73: ='DAY 6'!M101 -> 0 | R73: =IF(OR(Q73=0,O73=0),"—",IF(Q73>O73,"RENDIMIENTO SUPERIOR",IF(Q73=O73,"MANTENIMIENTO","DEFICIT"))) -> —
A74: DAY 6 | B74: Cruces en polea de alta a baja | C74: ='DAY 6'!M11 -> 1350 | D74: — | E74: ='DAY 6'!M24 -> 760 | F74: =IF(OR(E74=0,C74=0),"—",IF(E74>C74,"RENDIMIENTO SUPERIOR",IF(E74=C74,"MANTENIMIENTO","DEFICIT"))) -> DEFICIT | G74: ='DAY 6'!M37 -> 900 | H74: =IF(OR(G74=0,E74=0),"—",IF(G74>E74,"RENDIMIENTO SUPERIOR",IF(G74=E74,"MANTENIMIENTO","DEFICIT"))) -> RENDIMIENTO SUPERIOR | I74: ='DAY 6'!M50 -> 900 | J74: =IF(OR(I74=0,G74=0),"—",IF(I74>G74,"RENDIMIENTO SUPERIOR",IF(I74=G74,"MANTENIMIENTO","DEFICIT"))) -> MANTENIMIENTO | K74: ='DAY 6'!M63 -> 0 | L74: =IF(OR(K74=0,I74=0),"—",IF(K74>I74,"RENDIMIENTO SUPERIOR",IF(K74=I74,"MANTENIMIENTO","DEFICIT"))) -> — | M74: ='DAY 6'!M76 -> 0 | N74: =IF(OR(M74=0,K74=0),"—",IF(M74>K74,"RENDIMIENTO SUPERIOR",IF(M74=K74,"MANTENIMIENTO","DEFICIT"))) -> — | O74: ='DAY 6'!M89 -> 0 | P74: =IF(OR(O74=0,M74=0),"—",IF(O74>M74,"RENDIMIENTO SUPERIOR",IF(O74=M74,"MANTENIMIENTO","DEFICIT"))) -> — | Q74: ='DAY 6'!M102 -> 0 | R74: =IF(OR(Q74=0,O74=0),"—",IF(Q74>O74,"RENDIMIENTO SUPERIOR",IF(Q74=O74,"MANTENIMIENTO","DEFICIT"))) -> —
A75: DAY 6 | B75: Aperturas en polea baja | C75: ='DAY 6'!M12 -> 540 | D75: — | E75: ='DAY 6'!M25 -> 540 | F75: =IF(OR(E75=0,C75=0),"—",IF(E75>C75,"RENDIMIENTO SUPERIOR",IF(E75=C75,"MANTENIMIENTO","DEFICIT"))) -> MANTENIMIENTO | G75: ='DAY 6'!M38 -> 720 | H75: =IF(OR(G75=0,E75=0),"—",IF(G75>E75,"RENDIMIENTO SUPERIOR",IF(G75=E75,"MANTENIMIENTO","DEFICIT"))) -> RENDIMIENTO SUPERIOR | I75: ='DAY 6'!M51 -> 720 | J75: =IF(OR(I75=0,G75=0),"—",IF(I75>G75,"RENDIMIENTO SUPERIOR",IF(I75=G75,"MANTENIMIENTO","DEFICIT"))) -> MANTENIMIENTO | K75: ='DAY 6'!M64 -> 0 | L75: =IF(OR(K75=0,I75=0),"—",IF(K75>I75,"RENDIMIENTO SUPERIOR",IF(K75=I75,"MANTENIMIENTO","DEFICIT"))) -> — | M75: ='DAY 6'!M77 -> 0 | N75: =IF(OR(M75=0,K75=0),"—",IF(M75>K75,"RENDIMIENTO SUPERIOR",IF(M75=K75,"MANTENIMIENTO","DEFICIT"))) -> — | O75: ='DAY 6'!M90 -> 0 | P75: =IF(OR(O75=0,M75=0),"—",IF(O75>M75,"RENDIMIENTO SUPERIOR",IF(O75=M75,"MANTENIMIENTO","DEFICIT"))) -> — | Q75: ='DAY 6'!M103 -> 0 | R75: =IF(OR(Q75=0,O75=0),"—",IF(Q75>O75,"RENDIMIENTO SUPERIOR",IF(Q75=O75,"MANTENIMIENTO","DEFICIT"))) -> —
A76: DAY 6 | B76: Fondos de triceps en maquina | C76: ='DAY 6'!M13 -> 3642.5 | D76: — | E76: ='DAY 6'!M26 -> 4185 | F76: =IF(OR(E76=0,C76=0),"—",IF(E76>C76,"RENDIMIENTO SUPERIOR",IF(E76=C76,"MANTENIMIENTO","DEFICIT"))) -> RENDIMIENTO SUPERIOR | G76: ='DAY 6'!M39 -> 2790 | H76: =IF(OR(G76=0,E76=0),"—",IF(G76>E76,"RENDIMIENTO SUPERIOR",IF(G76=E76,"MANTENIMIENTO","DEFICIT"))) -> DEFICIT | I76: ='DAY 6'!M52 -> 2790 | J76: =IF(OR(I76=0,G76=0),"—",IF(I76>G76,"RENDIMIENTO SUPERIOR",IF(I76=G76,"MANTENIMIENTO","DEFICIT"))) -> MANTENIMIENTO | K76: ='DAY 6'!M65 -> 0 | L76: =IF(OR(K76=0,I76=0),"—",IF(K76>I76,"RENDIMIENTO SUPERIOR",IF(K76=I76,"MANTENIMIENTO","DEFICIT"))) -> — | M76: ='DAY 6'!M78 -> 0 | N76: =IF(OR(M76=0,K76=0),"—",IF(M76>K76,"RENDIMIENTO SUPERIOR",IF(M76=K76,"MANTENIMIENTO","DEFICIT"))) -> — | O76: ='DAY 6'!M91 -> 0 | P76: =IF(OR(O76=0,M76=0),"—",IF(O76>M76,"RENDIMIENTO SUPERIOR",IF(O76=M76,"MANTENIMIENTO","DEFICIT"))) -> — | Q76: ='DAY 6'!M104 -> 0 | R76: =IF(OR(Q76=0,O76=0),"—",IF(Q76>O76,"RENDIMIENTO SUPERIOR",IF(Q76=O76,"MANTENIMIENTO","DEFICIT"))) -> —
A77: DAY 6 | B77: Extension de triceps a una mano en polea | C77: ='DAY 6'!M14 -> 720 | D77: — | E77: ='DAY 6'!M27 -> 760 | F77: =IF(OR(E77=0,C77=0),"—",IF(E77>C77,"RENDIMIENTO SUPERIOR",IF(E77=C77,"MANTENIMIENTO","DEFICIT"))) -> RENDIMIENTO SUPERIOR | G77: ='DAY 6'!M40 -> 860 | H77: =IF(OR(G77=0,E77=0),"—",IF(G77>E77,"RENDIMIENTO SUPERIOR",IF(G77=E77,"MANTENIMIENTO","DEFICIT"))) -> RENDIMIENTO SUPERIOR | I77: ='DAY 6'!M53 -> 900 | J77: =IF(OR(I77=0,G77=0),"—",IF(I77>G77,"RENDIMIENTO SUPERIOR",IF(I77=G77,"MANTENIMIENTO","DEFICIT"))) -> RENDIMIENTO SUPERIOR | K77: ='DAY 6'!M66 -> 0 | L77: =IF(OR(K77=0,I77=0),"—",IF(K77>I77,"RENDIMIENTO SUPERIOR",IF(K77=I77,"MANTENIMIENTO","DEFICIT"))) -> — | M77: ='DAY 6'!M79 -> 0 | N77: =IF(OR(M77=0,K77=0),"—",IF(M77>K77,"RENDIMIENTO SUPERIOR",IF(M77=K77,"MANTENIMIENTO","DEFICIT"))) -> — | O77: ='DAY 6'!M92 -> 0 | P77: =IF(OR(O77=0,M77=0),"—",IF(O77>M77,"RENDIMIENTO SUPERIOR",IF(O77=M77,"MANTENIMIENTO","DEFICIT"))) -> — | Q77: ='DAY 6'!M105 -> 0 | R77: =IF(OR(Q77=0,O77=0),"—",IF(Q77>O77,"RENDIMIENTO SUPERIOR",IF(Q77=O77,"MANTENIMIENTO","DEFICIT"))) -> —
A78: DAY 6 | B78: Crunch abdominal en polea | C78: ='DAY 6'!M15 -> 2612.5 | D78: — | E78: ='DAY 6'!M28 -> 2875 | F78: =IF(OR(E78=0,C78=0),"—",IF(E78>C78,"RENDIMIENTO SUPERIOR",IF(E78=C78,"MANTENIMIENTO","DEFICIT"))) -> RENDIMIENTO SUPERIOR | G78: ='DAY 6'!M41 -> 2875 | H78: =IF(OR(G78=0,E78=0),"—",IF(G78>E78,"RENDIMIENTO SUPERIOR",IF(G78=E78,"MANTENIMIENTO","DEFICIT"))) -> MANTENIMIENTO | I78: ='DAY 6'!M54 -> 3105 | J78: =IF(OR(I78=0,G78=0),"—",IF(I78>G78,"RENDIMIENTO SUPERIOR",IF(I78=G78,"MANTENIMIENTO","DEFICIT"))) -> RENDIMIENTO SUPERIOR | K78: ='DAY 6'!M67 -> 0 | L78: =IF(OR(K78=0,I78=0),"—",IF(K78>I78,"RENDIMIENTO SUPERIOR",IF(K78=I78,"MANTENIMIENTO","DEFICIT"))) -> — | M78: ='DAY 6'!M80 -> 0 | N78: =IF(OR(M78=0,K78=0),"—",IF(M78>K78,"RENDIMIENTO SUPERIOR",IF(M78=K78,"MANTENIMIENTO","DEFICIT"))) -> — | O78: ='DAY 6'!M93 -> 0 | P78: =IF(OR(O78=0,M78=0),"—",IF(O78>M78,"RENDIMIENTO SUPERIOR",IF(O78=M78,"MANTENIMIENTO","DEFICIT"))) -> — | Q78: ='DAY 6'!M106 -> 0 | R78: =IF(OR(Q78=0,O78=0),"—",IF(Q78>O78,"RENDIMIENTO SUPERIOR",IF(Q78=O78,"MANTENIMIENTO","DEFICIT"))) -> —

Sheet TRACKER
A1: TRACKER DIARIO — SEGUIMIENTO DE METRICAS CORPORALES Y NUTRICION
A2: Registro Diario | Promedios Semanales | Delta Peso | BF% Automatico
A3: PARAMETROS DE REFERENCIA (solo modificar si cambias el punto de partida)
A4: PESO INICIAL (kg) | B4: 53.7 | C4: BF% INICIAL | D4: 12 | E4: FECHA INICIO | F4: 25/03/2026
A6: FECHA | B6: PESO AYUNAS (kg) [ ] | C6: KCAL Consumidas [ ] | D6: PROTEINA (g) [ ] | E6: CARBOS (g) [ ] | F6: GRASA (g) [ ] | G6: PASOS Diarios [ ] | H6: SUENO (h) [ ] | I6: BF% Estimado (Auto-Calculado) | J6: NOTAS
A7: Wed 25/03/2026 | B7: 53.7 | C7: 1.353 | D7: 124.1 | E7: 130.5 | F7: 26.6 | G7: 10.416 | H7: 7 | I7: =IF(B7="","",ROUND($D$4-(($B$4-B7)/$B$4)*100,1)) -> 12
A8: Thu 26/03/2026 | B8: 53.3 | C8: 1.865 | D8: 143.5 | E8: 237 | F8: 36.6 | G8: 11.51 | H8: 7 | I8: =IF(B8="","",ROUND($D$4-(($B$4-B8)/$B$4)*100,1)) -> 11.3
A9: Fri 27/03/2026 | B9: 53.9 | C9: 1.832 | D9: 142.5 | E9: 229.3 | F9: 20.8 | G9: 11.51 | H9: 7 | I9: =IF(B9="","",ROUND($D$4-(($B$4-B9)/$B$4)*100,1)) -> 12.4
A10: Sat 28/03/2026 | B10: 54 | C10: 1.481 | D10: 121.6 | E10: 162.2 | F10: 30.1 | G10: ? | H10: 8 | I10: =IF(B10="","",ROUND($D$4-(($B$4-B10)/$B$4)*100,1)) -> 12.6 | J10: Res day
A11: Promedio S0 Arranque | B11: =IFERROR(AVERAGE(B7,B8,B9,B10),"") -> 53.725 | C11: =IFERROR(AVERAGE(C7,C8,C9,C10),"") -> 1.63275 | D11: =IFERROR(AVERAGE(D7,D8,D9,D10),"") -> 132.925 | E11: =IFERROR(AVERAGE(E7,E8,E9,E10),"") -> 189.75 | F11: =IFERROR(AVERAGE(F7,F8,F9,F10),"") -> 28.525 | G11: =IFERROR(AVERAGE(G7,G8,G9,G10),"") -> 11.145333 | H11: =IFERROR(AVERAGE(H7,H8,H9,H10),"") -> 7.25 | I11: =IFERROR(AVERAGE(I7,I8,I9,I10),"") -> 12.075
A13: Sun 29/03/2026 | B13: 53.8 | C13: 1.631 | D13: 124.4 | E13: 213.8 | F13: 30.2 | G13: 6.319 | H13: 7 | I13: =IF(B13="","",ROUND($D$4-(($B$4-B13)/$B$4)*100,1)) -> 12.2
A14: Mon 30/03/2026 | B14: 52.9 | C14: 1.669 | D14: 136.1 | E14: 192.8 | F14: 29.4 | G14: 12.425 | H14: 10 | I14: =IF(B14="","",ROUND($D$4-(($B$4-B14)/$B$4)*100,1)) -> 10.5
A15: Tue 31/03/2026 | B15: 52.6 | C15: 1.655 | D15: 132.8 | E15: 193.4 | F15: 33.5 | G15: 6.667 | H15: 8 | I15: =IF(B15="","",ROUND($D$4-(($B$4-B15)/$B$4)*100,1)) -> 10
A16: Wed 01/04/2026 | B16: 52 | C16: 1.867 | D16: 125.2 | E16: 137.6 | F16: 35.8 | G16: 12.433 | H16: 8 | I16: =IF(B16="","",ROUND($D$4-(($B$4-B16)/$B$4)*100,1)) -> 8.8
A17: Thu 02/04/2026 | B17: 52.7 | C17: 1.601 | D17: 173.9 | E17: 162.1 | F17: 25.7 | G17: 8.827 | H17: 10 | I17: =IF(B17="","",ROUND($D$4-(($B$4-B17)/$B$4)*100,1)) -> 10.1
A18: Fri 03/04/2026 | B18: 53.2 | C18: 1.421 | D18: 121.7 | E18: 169.1 | F18: 21.9 | G18: 4.649 | H18: 8 | I18: =IF(B18="","",ROUND($D$4-(($B$4-B18)/$B$4)*100,1)) -> 11.1
A19: Sat 04/04/2026 | B19: 52.7 | C19: 1.603 | D19: 126.1 | E19: 172.3 | F19: 25.9 | G19: 7.953 | H19: 6 | I19: =IF(B19="","",ROUND($D$4-(($B$4-B19)/$B$4)*100,1)) -> 10.1
A20: Promedio MC01 | B20: =IFERROR(AVERAGE(B13,B14,B15,B16,B17,B18,B19),"") -> 52.842857 | C20: =IFERROR(AVERAGE(C13,C14,C15,C16,C17,C18,C19),"") -> 1.6352857 | D20: =IFERROR(AVERAGE(D13,D14,D15,D16,D17,D18,D19),"") -> 134.31429 | E20: =IFERROR(AVERAGE(E13,E14,E15,E16,E17,E18,E19),"") -> 177.3 | F20: =IFERROR(AVERAGE(F13,F14,F15,F16,F17,F18,F19),"") -> 28.914286 | G20: =IFERROR(AVERAGE(G13,G14,G15,G16,G17,G18,G19),"") -> 8.4675714 | H20: =IFERROR(AVERAGE(H13,H14,H15,H16,H17,H18,H19),"") -> 8.1428571 | I20: =IFERROR(AVERAGE(I13,I14,I15,I16,I17,I18,I19),"") -> 10.4
A21: Delta Peso vs Semana Anterior | B21: =IFERROR(B20-B11,"") -> -0.88214286
A23: Sun 05/04/2026 | B23: 53.2 | C23: 1.864 | D23: 132.2 | E23: 211.0 | F23: 37.9 | G23: 5.907 | H23: 6 | I23: =IF(B23="","",ROUND($D$4-(($B$4-B23)/$B$4)*100,1)) -> 11.1
A24: Mon 06/04/2026 | B24: 53.4 | C24: 1.773 | D24: 122.5 | E24: 165.3 | F24: 35.5 | G24: 6.772 | H24: 6 | I24: =IF(B24="","",ROUND($D$4-(($B$4-B24)/$B$4)*100,1)) -> 11.4
A25: Tue 07/04/2026 | B25: 53.3 | C25: 1.886 | D25: 134.6 | E25: 250.4 | F25: 34.6 | G25: 16.689 | H25: 3.59 | I25: =IF(B25="","",ROUND($D$4-(($B$4-B25)/$B$4)*100,1)) -> 11.3 | J25: Registro con reloj
A26: Wed 08/04/2026 | B26: 52.8 | C26: 1.689 | D26: 116.7 | E26: 212.1 | F26: 50.2 | G26: 14.624 | H26: 7.11 | I26: =IF(B26="","",ROUND($D$4-(($B$4-B26)/$B$4)*100,1)) -> 10.3 | J26: Cumple Laia (Comida en restaurante)
A27: Thu 09/04/2026 | B27: 53.2 | C27: 1.758 | D27: 145 | E27: 170 | F27: 29 | G27: 15.977 | H27: 6.52 | I27: =IF(B27="","",ROUND($D$4-(($B$4-B27)/$B$4)*100,1)) -> 11.1
A28: Fri 10/04/2026 | B28: 52.9 | C28: 1.375 | D28: 132 | E28: 114.8 | F28: 35.1 | G28: 9050 | H28: 7.32 | I28: =IF(B28="","",ROUND($D$4-(($B$4-B28)/$B$4)*100,1)) -> 10.5
A29: Sat 11/04/2026 | B29: 53.3 | C29: 1.836 | D29: 141.5 | E29: 253 | F29: 29.3 | G29: 14.982 | H29: 7.12 | I29: =IF(B29="","",ROUND($D$4-(($B$4-B29)/$B$4)*100,1)) -> 11.3
A30: Promedio MC02 | B30: =IFERROR(AVERAGE(B23,B24,B25,B26,B27,B28,B29),"") -> 53.157143 | C30: =IFERROR(AVERAGE(C23,C24,C25,C26,C27,C28,C29),"") -> 1.7401429 | D30: =IFERROR(AVERAGE(D23,D24,D25,D26,D27,D28,D29),"") -> 132.07143 | E30: =IFERROR(AVERAGE(E23,E24,E25,E26,E27,E28,E29),"") -> 194.26667 | F30: =IFERROR(AVERAGE(F23,F24,F25,F26,F27,F28,F29),"") -> 35.942857 | G30: =IFERROR(AVERAGE(G23,G24,G25,G26,G27,G28,G29),"") -> 1303.5644 | H30: =IFERROR(AVERAGE(H23,H24,H25,H26,H27,H28,H29),"") -> 6.2371429 | I30: =IFERROR(AVERAGE(I23,I24,I25,I26,I27,I28,I29),"") -> 11
A31: Delta Peso vs Semana Anterior | B31: =IFERROR(B30-B20,"") -> 0.31428571
A33: Sun 12/04/2026 | B33: 53.3 | C33: 1.475 | D33: 138.7 | E33: 169.4 | F33: 12.9 | G33: 10.767 | H33: 7.12 | I33: =IF(B33="","",ROUND($D$4-(($B$4-B33)/$B$4)*100,1)) -> 11.3
A34: Mon 13/04/2026 | B34: 53.4 | C34: 1.361 | D34: 125 | E34: 147.7 | F34: 17.9 | G34: 14.982 | H34: 7.48 | I34: =IF(B34="","",ROUND($D$4-(($B$4-B34)/$B$4)*100,1)) -> 11.4
A35: Tue 14/04/2026 | B35: 53 | C35: 1.398 | D35: 117.1 | E35: 146.9 | F35: 34.2 | G35: 16.791 | H35: 6.5 | I35: =IF(B35="","",ROUND($D$4-(($B$4-B35)/$B$4)*100,1)) -> 10.7
A36: Wed 15/04/2026 | B36: 52.8 | C36: 1657 | D36: 164.5 | E36: 178.5 | F36: 36.4 | G36: 14.303 | H36: 6.58 | I36: =IF(B36="","",ROUND($D$4-(($B$4-B36)/$B$4)*100,1)) -> 10.3
A37: Thu 16/04/2026 | B37: 52.8 | C37: 1355 | D37: 121.7 | E37: 167.4 | F37: 16.8 | I37: =IF(B37="","",ROUND(C26-(($B$4-B37)/$B$4)*100,1)) -> 0
A38: Fri 17/04/2026 | B38: 52.8 | C38: 1450 | D38: 140 | E38: 125 | F38: 30 | I38: =IF(B38="","",ROUND($D$4-(($B$4-B38)/$B$4)*100,1)) -> 10.3
A39: Sat 18/04/2026 | B39: 52.8 | C39: 1140 | D39: 111 | E39: 91.4 | F39: 34.8 | I39: =IF(B39="","",ROUND($D$4-(($B$4-B39)/$B$4)*100,1)) -> 10.3
A40: Promedio MC03 | B40: =IFERROR(AVERAGE(B33,B34,B35,B36,B37,B38,B39),"") -> 52.985714 | C40: =IFERROR(AVERAGE(C33,C34,C35,C36,C37,C38,C39),"") -> 800.89057 | D40: =IFERROR(AVERAGE(D33,D34,D35,D36,D37,D38,D39),"") -> 131.14286 | E40: =IFERROR(AVERAGE(E33,E34,E35,E36,E37,E38,E39),"") -> 146.61429 | F40: =IFERROR(AVERAGE(F33,F34,F35,F36,F37,F38,F39),"") -> 26.142857 | G40: =IFERROR(AVERAGE(G33,G34,G35,G36,G37,G38,G39),"") -> 14.21075 | H40: =IFERROR(AVERAGE(H33,H34,H35,H36,H37,H38,H39),"") -> 6.92 | I40: =IFERROR(AVERAGE(I33,I34,I35,I36,I37,I38,I39),"") -> 9.1857143
A41: Delta Peso vs Semana Anterior | B41: =IFERROR(B40-B30,"") -> -0.17142857
A43: Sun 19/04/2026 | B43: 52.8 | C43: 1.783 | D43: 123.5 | E43: 201.6 | F43: 26.4 | I43: =IF(B43="","",ROUND($D$4-(($B$4-B43)/$B$4)*100,1)) -> 10.3
A44: Mon 20/04/2026 | B44: 53.3 | C44: 1.938 | D44: 147.1 | E44: 245.5 | F44: 31.8 | I44: =IF(B44="","",ROUND($D$4-(($B$4-B44)/$B$4)*100,1)) -> 11.3
A45: Tue 21/04/2026 | B45: 53.4 | I45: =IF(B45="","",ROUND($D$4-(($B$4-B45)/$B$4)*100,1)) -> 11.4
A46: Wed 22/04/2026 | I46: =IF(B46="","",ROUND($D$4-(($B$4-B46)/$B$4)*100,1))
A47: Thu 23/04/2026 | I47: =IF(B47="","",ROUND($D$4-(($B$4-B47)/$B$4)*100,1))
A48: Fri 24/04/2026 | I48: =IF(B48="","",ROUND($D$4-(($B$4-B48)/$B$4)*100,1))
A49: Sat 25/04/2026 | I49: =IF(B49="","",ROUND($D$4-(($B$4-B49)/$B$4)*100,1))
A50: Promedio MC04 | B50: =IFERROR(AVERAGE(B43,B44,B45,B46,B47,B48,B49),"") -> 53.166667 | C50: =IFERROR(AVERAGE(C43,C44,C45,C46,C47,C48,C49),"") -> 1.8605 | D50: =IFERROR(AVERAGE(D43,D44,D45,D46,D47,D48,D49),"") -> 135.3 | E50: =IFERROR(AVERAGE(E43,E44,E45,E46,E47,E48,E49),"") -> 223.55 | F50: =IFERROR(AVERAGE(F43,F44,F45,F46,F47,F48,F49),"") -> 29.1 | G50: =IFERROR(AVERAGE(G43,G44,G45,G46,G47,G48,G49),"") | H50: =IFERROR(AVERAGE(H43,H44,H45,H46,H47,H48,H49),"") | I50: =IFERROR(AVERAGE(I43,I44,I45,I46,I47,I48,I49),"") -> 11
A51: Delta Peso vs Semana Anterior | B51: =IFERROR(B50-B40,"") -> 0.18095238
A53: Sun 26/04/2026 | I53: =IF(B53="","",ROUND($D$4-(($B$4-B53)/$B$4)*100,1))
A54: Mon 27/04/2026 | I54: =IF(B54="","",ROUND($D$4-(($B$4-B54)/$B$4)*100,1))
A55: Tue 28/04/2026 | I55: =IF(B55="","",ROUND($D$4-(($B$4-B55)/$B$4)*100,1))
A56: Wed 29/04/2026 | I56: =IF(B56="","",ROUND($D$4-(($B$4-B56)/$B$4)*100,1))
A57: Thu 30/04/2026 | I57: =IF(B57="","",ROUND($D$4-(($B$4-B57)/$B$4)*100,1))
A58: Fri 01/05/2026 | I58: =IF(B58="","",ROUND($D$4-(($B$4-B58)/$B$4)*100,1))
A59: Sat 02/05/2026 | I59: =IF(B59="","",ROUND($D$4-(($B$4-B59)/$B$4)*100,1))
A60: Promedio MC05 | B60: =IFERROR(AVERAGE(B53,B54,B55,B56,B57,B58,B59),"") | C60: =IFERROR(AVERAGE(C53,C54,C55,C56,C57,C58,C59),"") | D60: =IFERROR(AVERAGE(D53,D54,D55,D56,D57,D58,D59),"") | E60: =IFERROR(AVERAGE(E53,E54,E55,E56,E57,E58,E59),"") | F60: =IFERROR(AVERAGE(F53,F54,F55,F56,F57,F58,F59),"") | G60: =IFERROR(AVERAGE(G53,G54,G55,G56,G57,G58,G59),"") | H60: =IFERROR(AVERAGE(H53,H54,H55,H56,H57,H58,H59),"") | I60: =IFERROR(AVERAGE(I53,I54,I55,I56,I57,I58,I59),"")
A61: Delta Peso vs Semana Anterior | B61: =IFERROR(B60-B50,"") -> -53.166667
A63: Sun 03/05/2026 | I63: =IF(B63="","",ROUND($D$4-(($B$4-B63)/$B$4)*100,1))
A64: Mon 04/05/2026 | I64: =IF(B64="","",ROUND($D$4-(($B$4-B64)/$B$4)*100,1))
A65: Tue 05/05/2026 | I65: =IF(B65="","",ROUND($D$4-(($B$4-B65)/$B$4)*100,1))
A66: Wed 06/05/2026 | I66: =IF(B66="","",ROUND($D$4-(($B$4-B66)/$B$4)*100,1))
A67: Thu 07/05/2026 | I67: =IF(B67="","",ROUND($D$4-(($B$4-B67)/$B$4)*100,1))
A68: Fri 08/05/2026 | I68: =IF(B68="","",ROUND($D$4-(($B$4-B68)/$B$4)*100,1))
A69: Sat 09/05/2026 | I69: =IF(B69="","",ROUND($D$4-(($B$4-B69)/$B$4)*100,1))
A70: Promedio MC06 | B70: =IFERROR(AVERAGE(B63,B64,B65,B66,B67,B68,B69),"") | C70: =IFERROR(AVERAGE(C63,C64,C65,C66,C67,C68,C69),"") | D70: =IFERROR(AVERAGE(D63,D64,D65,D66,D67,D68,D69),"") | E70: =IFERROR(AVERAGE(E63,E64,E65,E66,E67,E68,E69),"") | F70: =IFERROR(AVERAGE(F63,F64,F65,F66,F67,F68,F69),"") | G70: =IFERROR(AVERAGE(G63,G64,G65,G66,G67,G68,G69),"") | H70: =IFERROR(AVERAGE(H63,H64,H65,H66,H67,H68,H69),"") | I70: =IFERROR(AVERAGE(I63,I64,I65,I66,I67,I68,I69),"")
A71: Delta Peso vs Semana Anterior | B71: =IFERROR(B70-B60,"") -> 0
A73: Sun 10/05/2026 | I73: =IF(B73="","",ROUND($D$4-(($B$4-B73)/$B$4)*100,1))
A74: Mon 11/05/2026 | I74: =IF(B74="","",ROUND($D$4-(($B$4-B74)/$B$4)*100,1))
A75: Tue 12/05/2026 | I75: =IF(B75="","",ROUND($D$4-(($B$4-B75)/$B$4)*100,1))
A76: Wed 13/05/2026 | I76: =IF(B76="","",ROUND($D$4-(($B$4-B76)/$B$4)*100,1))
A77: Thu 14/05/2026 | I77: =IF(B77="","",ROUND($D$4-(($B$4-B77)/$B$4)*100,1))
A78: Fri 15/05/2026 | I78: =IF(B78="","",ROUND($D$4-(($B$4-B78)/$B$4)*100,1))
A79: Sat 16/05/2026 | I79: =IF(B79="","",ROUND($D$4-(($B$4-B79)/$B$4)*100,1))
A80: Promedio MC07 | B80: =IFERROR(AVERAGE(B73,B74,B75,B76,B77,B78,B79),"") | C80: =IFERROR(AVERAGE(C73,C74,C75,C76,C77,C78,C79),"") | D80: =IFERROR(AVERAGE(D73,D74,D75,D76,D77,D78,D79),"") | E80: =IFERROR(AVERAGE(E73,E74,E75,E76,E77,E78,E79),"") | F80: =IFERROR(AVERAGE(F73,F74,F75,F76,F77,F78,F79),"") | G80: =IFERROR(AVERAGE(G73,G74,G75,G76,G77,G78,G79),"") | H80: =IFERROR(AVERAGE(H73,H74,H75,H76,H77,H78,H79),"") | I80: =IFERROR(AVERAGE(I73,I74,I75,I76,I77,I78,I79),"")
A81: Delta Peso vs Semana Anterior | B81: =IFERROR(B80-B70,"") -> 0
A83: Sun 17/05/2026 | I83: =IF(B83="","",ROUND($D$4-(($B$4-B83)/$B$4)*100,1))
A84: Mon 18/05/2026 | I84: =IF(B84="","",ROUND($D$4-(($B$4-B84)/$B$4)*100,1))
A85: Tue 19/05/2026 | I85: =IF(B85="","",ROUND($D$4-(($B$4-B85)/$B$4)*100,1))
A86: Wed 20/05/2026 | I86: =IF(B86="","",ROUND($D$4-(($B$4-B86)/$B$4)*100,1))
A87: Thu 21/05/2026 | I87: =IF(B87="","",ROUND($D$4-(($B$4-B87)/$B$4)*100,1))
A88: Fri 22/05/2026 | I88: =IF(B88="","",ROUND($D$4-(($B$4-B88)/$B$4)*100,1))
A89: Sat 23/05/2026 | I89: =IF(B89="","",ROUND($D$4-(($B$4-B89)/$B$4)*100,1))
A90: Promedio MC08 | B90: =IFERROR(AVERAGE(B83,B84,B85,B86,B87,B88,B89),"") | C90: =IFERROR(AVERAGE(C83,C84,C85,C86,C87,C88,C89),"") | D90: =IFERROR(AVERAGE(D83,D84,D85,D86,D87,D88,D89),"") | E90: =IFERROR(AVERAGE(E83,E84,E85,E86,E87,E88,E89),"") | F90: =IFERROR(AVERAGE(F83,F84,F85,F86,F87,F88,F89),"") | G90: =IFERROR(AVERAGE(G83,G84,G85,G86,G87,G88,G89),"") | H90: =IFERROR(AVERAGE(H83,H84,H85,H86,H87,H88,H89),"") | I90: =IFERROR(AVERAGE(I83,I84,I85,I86,I87,I88,I89),"")
A91: Delta Peso vs Semana Anterior | B91: =IFERROR(B90-B80,"") -> 0

Sheet DAY 1
A1: DAY 1 — DOMINGO — Pierna + Hombro + Core
A2: CALENTAMIENTO (5-8 min)
A3: [ ] Balanceos Pierna | B3: [ ] Rot. Ext. Hombro | F3: [ ] Band Pull-aparts
A4: EJERCICIO | B4: MC | C4: REPS OBJETIVO + RP | D4: RIR S1 | E4: Reps S1 | F4: Kg S1 | G4: RIR S2 | H4: Reps S2 | I4: Kg S2 | J4: RIR S3 | K4: Reps S3 | L4: Kg S3 | M4: TONELAJE (Auto) | N4: COSAS A COMENTAR | O4: HECHO [ ]
A5: MICROCICLO 01
A6: Zancadas con mancuernas | B6: MC01 | C6: 10-12 | D6: 1 | E6: 0 | F6: 0 | G6: 1 | H6: 0 | I6: 0 | J6: 1 | K6: 0 | L6: 0 | M6: =IFERROR(IFERROR(E6*F6,0)+IFERROR(H6*I6,0)+IFERROR(K6*L6,0),0) -> 0
A7: Extension de cuadriceps en maquina | B7: MC01 | C7: 12-15 + DS | D7: 2 | E7: 0 | F7: 0 | G7: 1 | H7: 0 | I7: 0 | J7: 0 | K7: 0 | L7: 0 | M7: =IFERROR(IFERROR(E7*F7,0)+IFERROR(H7*I7,0)+IFERROR(K7*L7,0),0) -> 0
A8: Curl femoral tumbado en maquina | B8: MC01 | C8: 12-15 + DS | D8: 2 | E8: 0 | F8: 0 | G8: 1 | H8: 0 | I8: 0 | J8: 0 | K8: 0 | L8: 0 | M8: =IFERROR(IFERROR(E8*F8,0)+IFERROR(H8*I8,0)+IFERROR(K8*L8,0),0) -> 0
A9: Elevaciones laterales con mancuerna | B9: MC01 | C9: 15-20 | D9: 0 | E9: 0 | F9: 0 | G9: 0 | H9: 0 | I9: 0 | J9: 0 | K9: 0 | L9: 0 | M9: =IFERROR(IFERROR(E9*F9,0)+IFERROR(H9*I9,0)+IFERROR(K9*L9,0),0) -> 0
A10: Elevaciones laterales en polea baja | B10: MC01 | C10: 15-20 | D10: 0 | E10: 0 | F10: 0 | G10: 0 | H10: 0 | I10: 0 | J10: 0 | K10: 0 | L10: 0 | M10: =IFERROR(IFERROR(E10*F10,0)+IFERROR(H10*I10,0)+IFERROR(K10*L10,0),0) -> 0
A11: Elevaciones laterales en polea media | B11: MC01 | C11: 15-20 | D11: 0 | E11: 0 | F11: 0 | G11: 0 | H11: 0 | I11: 0 | J11: 0 | K11: 0 | L11: 0 | M11: =IFERROR(IFERROR(E11*F11,0)+IFERROR(H11*I11,0)+IFERROR(K11*L11,0),0) -> 0
A12: Crunch abdominal en polea | B12: MC01 | C12: 15-20 + Fallo | D12: 0 | E12: 0 | F12: 0 | G12: 0 | H12: 0 | I12: 0 | J12: 0 | K12: 0 | L12: 0 | M12: =IFERROR(IFERROR(E12*F12,0)+IFERROR(H12*I12,0)+IFERROR(K12*L12,0),0) -> 0
A13: TONELAJE TOTAL MC01 | M13: =SUM(M6,M7,M8,M9,M10,M11,M12) -> 0
A15: MICROCICLO 02
A16: Zancadas con mancuernas | B16: MC02 | C16: 10-12 | D16: 1 | E16: 12 | F16: 15 | G16: 1 | H16: 12 | I16: 15 | J16: 1 | K16: 12 | L16: 15 | M16: =IFERROR(IFERROR(E16*F16,0)+IFERROR(H16*I16,0)+IFERROR(K16*L16,0),0) -> 540
A17: Extension de cuadriceps en maquina | B17: MC02 | C17: 12-15 + DS | D17: 2 | E17: 12 | F17: 42.5 | G17: 1 | H17: 12 | I17: 50 | J17: 0 | K17: 12 | L17: 42.5 | M17: =IFERROR(IFERROR(E17*F17,0)+IFERROR(H17*I17,0)+IFERROR(K17*L17,0),0) -> 1620
A18: Curl femoral tumbado en maquina | B18: MC02 | C18: 12-15 + DS | D18: 2 | E18: 10 | F18: 22.5 | G18: 1 | H18: 10 | I18: 22.5 | J18: 0 | K18: 10 | L18: 22.5 | M18: =IFERROR(IFERROR(E18*F18,0)+IFERROR(H18*I18,0)+IFERROR(K18*L18,0),0) -> 675
A19: Elevaciones laterales con mancuerna | B19: MC02 | C19: 15-20 | D19: 0 | E19: 15 | F19: 8 | G19: 0 | H19: 15 | I19: 8 | J19: 0 | K19: 15 | L19: 8 | M19: =IFERROR(IFERROR(E19*F19,0)+IFERROR(H19*I19,0)+IFERROR(K19*L19,0),0) -> 360
A20: Elevaciones laterales en polea baja | B20: MC02 | C20: 15-20 | D20: 0 | E20: 15 | F20: 11.5 | G20: 0 | H20: 15 | I20: 11.5 | J20: 0 | K20: 15 | L20: 11.5 | M20: =IFERROR(IFERROR(E20*F20,0)+IFERROR(H20*I20,0)+IFERROR(K20*L20,0),0) -> 517.5
A21: Elevaciones laterales en polea media | B21: MC02 | C21: 15-20 | D21: 0 | E21: 15 | F21: 15 | G21: 0 | H21: 15 | I21: 15 | J21: 0 | K21: 15 | L21: 15 | M21: =IFERROR(IFERROR(E21*F21,0)+IFERROR(H21*I21,0)+IFERROR(K21*L21,0),0) -> 675
A22: Crunch abdominal en polea | B22: MC02 | C22: 15-20 + Fallo | D22: 0 | E22: 18 | F22: 57.5 | G22: 0 | H22: 16 | I22: 57.5 | J22: 0 | K22: 17 | L22: 57.5 | M22: =IFERROR(IFERROR(E22*F22,0)+IFERROR(H22*I22,0)+IFERROR(K22*L22,0),0) -> 2932.5
A23: TONELAJE TOTAL MC02 | M23: =SUM(M16,M17,M18,M19,M20,M21,M22) -> 7320
A25: MICROCICLO 03
A26: Zancadas con mancuernas | B26: MC03 | C26: 10-12 | D26: 1 | E26: 12 | F26: 15 | G26: 1 | H26: 12 | I26: 15 | J26: 1 | K26: 12 | L26: 15 | M26: =IFERROR(IFERROR(E26*F26,0)+IFERROR(H26*I26,0)+IFERROR(K26*L26,0),0) -> 540
A27: Extension de cuadriceps en maquina | B27: MC03 | C27: 12-15 + DS | D27: 2 | E27: 12 | F27: 57.5 | G27: 1 | H27: 12 | I27: 57.5 | J27: 0 | K27: 13 | L27: 57.5 | M27: =IFERROR(IFERROR(E27*F27,0)+IFERROR(H27*I27,0)+IFERROR(K27*L27,0),0) -> 2127.5
A28: Curl femoral tumbado en maquina | B28: MC03 | C28: 12-15 + DS | D28: 2 | E28: 10 | F28: 22.5 | G28: 1 | H28: 10 | I28: 22.5 | J28: 0 | K28: 10 | L28: 22.5 | M28: =IFERROR(IFERROR(E28*F28,0)+IFERROR(H28*I28,0)+IFERROR(K28*L28,0),0) -> 675
A29: Elevaciones laterales con mancuerna | B29: MC03 | C29: 15-20 | D29: 0 | E29: 18 | F29: 9 | G29: 0 | H29: 16 | I29: 9 | J29: 0 | K29: 16 | L29: 9 | M29: =IFERROR(IFERROR(E29*F29,0)+IFERROR(H29*I29,0)+IFERROR(K29*L29,0),0) -> 450
A30: Elevaciones laterales en polea baja | B30: MC03 | C30: 15-20 | D30: 0 | E30: 15 | F30: 11.5 | G30: 0 | H30: 15 | I30: 15 | J30: 0 | K30: 15 | L30: 15 | M30: =IFERROR(IFERROR(E30*F30,0)+IFERROR(H30*I30,0)+IFERROR(K30*L30,0),0) -> 622.5
A31: Elevaciones laterales en polea media | B31: MC03 | C31: 15-20 | D31: 0 | E31: 12 | F31: 20 | G31: 0 | H31: 13 | I31: 17.5 | J31: 0 | K31: 12 | L31: 17.5 | M31: =IFERROR(IFERROR(E31*F31,0)+IFERROR(H31*I31,0)+IFERROR(K31*L31,0),0) -> 677.5
A32: Crunch abdominal en polea | B32: MC03 | C32: 15-20 + Fallo | D32: 0 | E32: 16 | F32: 57.5 | G32: 0 | H32: 16 | I32: 57.5 | J32: 0 | K32: 14 | L32: 57.5 | M32: =IFERROR(IFERROR(E32*F32,0)+IFERROR(H32*I32,0)+IFERROR(K32*L32,0),0) -> 2645
A33: TONELAJE TOTAL MC03 | M33: =SUM(M26,M27,M28,M29,M30,M31,M32) -> 7737.5
A35: MICROCICLO 04
A36: Zancadas con mancuernas | B36: MC04 | C36: 10-12 | D36: 1 | E36: 12 | F36: 15 | G36: 1 | H36: 12 | I36: 15 | J36: 1 | K36: 12 | L36: 15 | M36: =IFERROR(IFERROR(E36*F36,0)+IFERROR(H36*I36,0)+IFERROR(K36*L36,0),0) -> 540
A37: Extension de cuadriceps en maquina | B37: MC04 | C37: 12-15 + DS | D37: 2 | E37: 12 | F37: 57.5 | G37: 1 | H37: 12 | I37: 57.5 | J37: 0 | K37: 12 | L37: 62.5 | M37: =IFERROR(IFERROR(E37*F37,0)+IFERROR(H37*I37,0)+IFERROR(K37*L37,0),0) -> 2130
A38: Curl femoral tumbado en maquina | B38: MC04 | C38: 12-15 + DS | D38: 2 | E38: 10 | F38: 22.5 | G38: 1 | H38: 10 | I38: 22.5 | J38: 0 | K38: 10 | L38: 22.5 | M38: =IFERROR(IFERROR(E38*F38,0)+IFERROR(H38*I38,0)+IFERROR(K38*L38,0),0) -> 675
A39: Elevaciones laterales con mancuerna | B39: MC04 | C39: 15-20 | D39: 0 | E39: 15 | F39: 10 | G39: 0 | H39: 15 | I39: 10 | J39: 0 | K39: 15 | L39: 10 | M39: =IFERROR(IFERROR(E39*F39,0)+IFERROR(H39*I39,0)+IFERROR(K39*L39,0),0) -> 450
A40: Elevaciones laterales en polea baja | B40: MC04 | C40: 15-20 | D40: 0 | E40: 15 | F40: 11.5 | G40: 0 | H40: 15 | I40: 11.5 | J40: 0 | K40: 15 | L40: 11.5 | M40: =IFERROR(IFERROR(E40*F40,0)+IFERROR(H40*I40,0)+IFERROR(K40*L40,0),0) -> 517.5
A41: Elevaciones laterales en polea media | B41: MC04 | C41: 15-20 | D41: 0 | E41: 15 | F41: 17.5 | G41: 0 | H41: 15 | I41: 17.5 | J41: 0 | K41: 15 | L41: 15 | M41: =IFERROR(IFERROR(E41*F41,0)+IFERROR(H41*I41,0)+IFERROR(K41*L41,0),0) -> 750
A42: Crunch abdominal en polea | B42: MC04 | C42: 15-20 + Fallo | D42: 0 | E42: 16 | F42: 57.5 | G42: 0 | H42: 16 | I42: 57.5 | J42: 0 | K42: 16 | L42: 57.5 | M42: =IFERROR(IFERROR(E42*F42,0)+IFERROR(H42*I42,0)+IFERROR(K42*L42,0),0) -> 2760
A43: TONELAJE TOTAL MC04 | M43: =SUM(M36,M37,M38,M39,M40,M41,M42) -> 7822.5
A45: MICROCICLO 05
A46: Zancadas con mancuernas | B46: MC05 | C46: 10-12 | D46: 1 | E46: 12 | F46: 15 | G46: 1 | H46: 12 | I46: 15 | J46: 1 | K46: 12 | L46: 15 | M46: =IFERROR(IFERROR(E46*F46,0)+IFERROR(H46*I46,0)+IFERROR(K46*L46,0),0) -> 540
A47: Extension de cuadriceps en maquina | B47: MC05 | C47: 12-15 + DS | D47: 2 | E47: 12 | F47: 57.5 | G47: 1 | H47: 12 | I47: 62.5 | J47: 0 | K47: 12 | L47: 62.5 | M47: =IFERROR(IFERROR(E47*F47,0)+IFERROR(H47*I47,0)+IFERROR(K47*L47,0),0) -> 2190
A48: Curl femoral tumbado en maquina | B48: MC05 | C48: 12-15 + DS | D48: 2 | E48: 10 | F48: 35 | G48: 1 | H48: 10 | I48: 35 | J48: 0 | K48: 10 | L48: 35 | M48: =IFERROR(IFERROR(E48*F48,0)+IFERROR(H48*I48,0)+IFERROR(K48*L48,0),0) -> 1050
A49: Elevaciones laterales con mancuerna | B49: MC05 | C49: 15-20 | D49: 0 | E49: 15 | F49: 10 | G49: 0 | H49: 15 | I49: 10 | J49: 0 | K49: 15 | L49: 10 | M49: =IFERROR(IFERROR(E49*F49,0)+IFERROR(H49*I49,0)+IFERROR(K49*L49,0),0) -> 450
A50: Elevaciones laterales en polea baja | B50: MC05 | C50: 15-20 | D50: 0 | E50: 12 | F50: 15 | G50: 0 | H50: 12 | I50: 15 | J50: 0 | K50: 12 | L50: 15 | M50: =IFERROR(IFERROR(E50*F50,0)+IFERROR(H50*I50,0)+IFERROR(K50*L50,0),0) -> 540
A51: Fondos en maquina (pecho inferior) | B51: MC05 | C51: 10-12 + Fallo | D51: 0 | E51: 15 | F51: 55 | G51: 0 | H51: 15 | I51: 55 | J51: 0 | K51: 15 | L51: 55 | M51: =IFERROR(IFERROR(E51*F51,0)+IFERROR(H51*I51,0)+IFERROR(K51*L51,0),0) -> 2475
A52: Cruces de polea de alta a baja | B52: MC05 | C52: 12-15 + DS | D52: 1 | E52: 12 | F52: 25 | G52: 0 | H52: 12 | I52: 25 | J52: 0 | K52: 12 | L52: 25 | M52: =IFERROR(IFERROR(E52*F52,0)+IFERROR(H52*I52,0)+IFERROR(K52*L52,0),0) -> 900
A53: Crunch abdominal en polea | B53: MC05 | C53: 15-20 + Fallo | D53: 0 | E53: 16 | F53: 57.5 | G53: 0 | H53: 16 | I53: 57.5 | J53: 0 | K53: 16 | L53: 57.5 | M53: =IFERROR(IFERROR(E53*F53,0)+IFERROR(H53*I53,0)+IFERROR(K53*L53,0),0) -> 2760
A54: TONELAJE TOTAL MC05 | M54: =SUM(M46,M47,M48,M49,M50,M51,M52,M53) -> 10905
A56: MICROCICLO 06
A57: Zancadas con mancuernas | B57: MC06 | C57: 10-12 | D57: 1 | G57: 1 | J57: 1 | M57: =IFERROR(IFERROR(E57*F57,0)+IFERROR(H57*I57,0)+IFERROR(K57*L57,0),0) -> 0
A58: Extension de cuadriceps en maquina | B58: MC06 | C58: 12-15 + DS | D58: 2 | G58: 1 | J58: 0 | M58: =IFERROR(IFERROR(E58*F58,0)+IFERROR(H58*I58,0)+IFERROR(K58*L58,0),0) -> 0
A59: Curl femoral tumbado en maquina | B59: MC06 | C59: 12-15 + DS | D59: 2 | G59: 1 | J59: 0 | M59: =IFERROR(IFERROR(E59*F59,0)+IFERROR(H59*I59,0)+IFERROR(K59*L59,0),0) -> 0
A60: Elevaciones laterales con mancuerna | B60: MC06 | C60: 15-20 | D60: 0 | G60: 0 | J60: 0 | M60: =IFERROR(IFERROR(E60*F60,0)+IFERROR(H60*I60,0)+IFERROR(K60*L60,0),0) -> 0
A61: Elevaciones laterales en polea baja | B61: MC06 | C61: 15-20 | D61: 0 | G61: 0 | J61: 0 | M61: =IFERROR(IFERROR(E61*F61,0)+IFERROR(H61*I61,0)+IFERROR(K61*L61,0),0) -> 0
A62: Fondos en maquina (pecho inferior) | B62: MC06 | C62: 10-12 + Fallo | D62: 0 | G62: 0 | J62: 0 | M62: =IFERROR(IFERROR(E62*F62,0)+IFERROR(H62*I62,0)+IFERROR(K62*L62,0),0) -> 0
A63: Cruces de polea de alta a baja | B63: MC06 | C63: 12-15 + DS | D63: 1 | G63: 0 | J63: 0 | M63: =IFERROR(IFERROR(E63*F63,0)+IFERROR(H63*I63,0)+IFERROR(K63*L63,0),0) -> 0
A64: Crunch abdominal en polea | B64: MC06 | C64: 15-20 + Fallo | D64: 0 | G64: 0 | J64: 0 | M64: =IFERROR(IFERROR(E64*F64,0)+IFERROR(H64*I64,0)+IFERROR(K64*L64,0),0) -> 0
A65: TONELAJE TOTAL MC06 | M65: =SUM(M57,M58,M59,M60,M61,M62,M63,M64) -> 0
A67: MICROCICLO 07
A68: Zancadas con mancuernas | B68: MC07 | C68: 10-12 | D68: 1 | G68: 1 | J68: 1 | M68: =IFERROR(IFERROR(E68*F68,0)+IFERROR(H68*I68,0)+IFERROR(K68*L68,0),0) -> 0
A69: Extension de cuadriceps en maquina | B69: MC07 | C69: 12-15 + DS | D69: 2 | G69: 1 | J69: 0 | M69: =IFERROR(IFERROR(E69*F69,0)+IFERROR(H69*I69,0)+IFERROR(K69*L69,0),0) -> 0
A70: Curl femoral tumbado en maquina | B70: MC07 | C70: 12-15 + DS | D70: 2 | G70: 1 | J70: 0 | M70: =IFERROR(IFERROR(E70*F70,0)+IFERROR(H70*I70,0)+IFERROR(K70*L70,0),0) -> 0
A71: Elevaciones laterales con mancuerna | B71: MC07 | C71: 15-20 | D71: 0 | G71: 0 | J71: 0 | M71: =IFERROR(IFERROR(E71*F71,0)+IFERROR(H71*I71,0)+IFERROR(K71*L71,0),0) -> 0
A72: Elevaciones laterales en polea baja | B72: MC07 | C72: 15-20 | D72: 0 | G72: 0 | J72: 0 | M72: =IFERROR(IFERROR(E72*F72,0)+IFERROR(H72*I72,0)+IFERROR(K72*L72,0),0) -> 0
A73: Fondos en maquina (pecho inferior) | B73: MC07 | C73: 10-12 + Fallo | D73: 0 | G73: 0 | J73: 0 | M73: =IFERROR(IFERROR(E73*F73,0)+IFERROR(H73*I73,0)+IFERROR(K73*L73,0),0) -> 0
A74: Cruces de polea de alta a baja | B74: MC07 | C74: 12-15 + DS | D74: 1 | G74: 0 | J74: 0 | M74: =IFERROR(IFERROR(E74*F74,0)+IFERROR(H74*I74,0)+IFERROR(K74*L74,0),0) -> 0
A75: Crunch abdominal en polea | B75: MC07 | C75: 15-20 + Fallo | D75: 0 | G75: 0 | J75: 0 | M75: =IFERROR(IFERROR(E75*F75,0)+IFERROR(H75*I75,0)+IFERROR(K75*L75,0),0) -> 0
A76: TONELAJE TOTAL MC07 | M76: =SUM(M68,M69,M70,M71,M72,M73,M74,M75) -> 0
A78: MICROCICLO 08
A79: Zancadas con mancuernas | B79: MC08 | C79: 10-12 | D79: 1 | G79: 1 | J79: 1 | M79: =IFERROR(IFERROR(E79*F79,0)+IFERROR(H79*I79,0)+IFERROR(K79*L79,0),0) -> 0
A80: Extension de cuadriceps en maquina | B80: MC08 | C80: 12-15 + DS | D80: 2 | G80: 1 | J80: 0 | M80: =IFERROR(IFERROR(E80*F80,0)+IFERROR(H80*I80,0)+IFERROR(K80*L80,0),0) -> 0
A81: Curl femoral tumbado en maquina | B81: MC08 | C81: 12-15 + DS | D81: 2 | G81: 1 | J81: 0 | M81: =IFERROR(IFERROR(E81*F81,0)+IFERROR(H81*I81,0)+IFERROR(K81*L81,0),0) -> 0
A82: Elevaciones laterales con mancuerna | B82: MC08 | C82: 15-20 | D82: 0 | G82: 0 | J82: 0 | M82: =IFERROR(IFERROR(E82*F82,0)+IFERROR(H82*I82,0)+IFERROR(K82*L82,0),0) -> 0
A83: Elevaciones laterales en polea baja | B83: MC08 | C83: 15-20 | D83: 0 | G83: 0 | J83: 0 | M83: =IFERROR(IFERROR(E83*F83,0)+IFERROR(H83*I83,0)+IFERROR(K83*L83,0),0) -> 0
A84: Fondos en maquina (pecho inferior) | B84: MC08 | C84: 10-12 + Fallo | D84: 0 | G84: 0 | J84: 0 | M84: =IFERROR(IFERROR(E84*F84,0)+IFERROR(H84*I84,0)+IFERROR(K84*L84,0),0) -> 0
A85: Cruces de polea de alta a baja | B85: MC08 | C85: 12-15 + DS | D85: 1 | G85: 0 | J85: 0 | M85: =IFERROR(IFERROR(E85*F85,0)+IFERROR(H85*I85,0)+IFERROR(K85*L85,0),0) -> 0
A86: Crunch abdominal en polea | B86: MC08 | C86: 15-20 + Fallo | D86: 0 | G86: 0 | J86: 0 | M86: =IFERROR(IFERROR(E86*F86,0)+IFERROR(H86*I86,0)+IFERROR(K86*L86,0),0) -> 0
A87: TONELAJE TOTAL MC08 | M87: =SUM(M79,M80,M81,M82,M83,M84,M85,M86) -> 0
A89: REGISTRO DE CARDIO
A90: DESCRIPCION [ ] | F90: MINUTOS [ ] | H90: VELOCIDAD [ ] | K90: INCLINACION [ ]

Sheet DAY 2
A1: 0
A2: CALENTAMIENTO (5-8 min)
A3: [ ] Activacion Escapular | B3: [ ] Face-pull Ligero | F3: [ ] Circulos Hombros
A4: EJERCICIO | B4: MC | C4: REPS OBJETIVO + RP | D4: RIR S1 | E4: Reps S1 | F4: Kg S1 | G4: RIR S2 | H4: Reps S2 | I4: Kg S2 | J4: RIR S3 | K4: Reps S3 | L4: Kg S3 | M4: TONELAJE (Auto) | N4: COSAS A COMENTAR | O4: HECHO [ ]
A5: MICROCICLO 01
A6: Jalon al pecho con agarre neutro | B6: MC01 | C6: 10-12 | D6: 1 | E6: 0 | F6: 0 | G6: 1 | H6: 0 | I6: 0 | J6: 1 | K6: 0 | L6: 0 | M6: =IFERROR(IFERROR(E6*F6,0)+IFERROR(H6*I6,0)+IFERROR(K6*L6,0),0) -> 0
A7: Remo en maquina con apoyo en el pecho | B7: MC01 | C7: 10-12 | D7: 1 | E7: 0 | F7: 0 | G7: 1 | H7: 0 | I7: 0 | J7: 1 | K7: 0 | L7: 0 | M7: =IFERROR(IFERROR(E7*F7,0)+IFERROR(H7*I7,0)+IFERROR(K7*L7,0),0) -> 0
A8: Remo Gironda en polea baja | B8: MC01 | C8: 12-15 + RP | D8: 1 | E8: 0 | F8: 0 | G8: 1 | H8: 0 | I8: 0 | J8: 0 | K8: 0 | L8: 0 | M8: =IFERROR(IFERROR(E8*F8,0)+IFERROR(H8*I8,0)+IFERROR(K8*L8,0),0) -> 0
A9: Pull-over con cuerda en polea alta | B9: MC01 | C9: 12-15 | D9: 0 | E9: 0 | F9: 0 | G9: 0 | H9: 0 | I9: 0 | J9: 0 | K9: 0 | L9: 0 | M9: =IFERROR(IFERROR(E9*F9,0)+IFERROR(H9*I9,0)+IFERROR(K9*L9,0),0) -> 0
A10: Pajaros para deltoide posterior en maquina | B10: MC01 | C10: 15-20 + DS | D10: 1 | E10: 0 | F10: 0 | G10: 0 | H10: 0 | I10: 0 | J10: 0 | K10: 0 | L10: 0 | M10: =IFERROR(IFERROR(E10*F10,0)+IFERROR(H10*I10,0)+IFERROR(K10*L10,0),0) -> 0
A11: Curl Scott en maquina | B11: MC01 | C11: 10-12 + Fallo | D11: 0 | E11: 0 | F11: 0 | G11: 0 | H11: 0 | I11: 0 | J11: 0 | K11: 0 | L11: 0 | M11: =IFERROR(IFERROR(E11*F11,0)+IFERROR(H11*I11,0)+IFERROR(K11*L11,0),0) -> 0
A12: Rueda abdominal | B12: MC01 | C12: 10-15 + Fallo | D12: 0 | E12: 0 | F12: 0 | G12: 0 | H12: 0 | I12: 0 | J12: 0 | K12: 0 | L12: 0 | M12: =IFERROR(IFERROR(E12*F12,0)+IFERROR(H12*I12,0)+IFERROR(K12*L12,0),0) -> 0
A13: TONELAJE TOTAL MC01 | M13: =SUM(M6,M7,M8,M9,M10,M11,M12) -> 0
A15: MICROCICLO 02
A16: Jalon al pecho con agarre neutro | B16: MC02 | C16: 10-12 | D16: 1 | E16: 12 | F16: 70 | G16: 1 | H16: 10 | I16: 80 | J16: 1 | K16: 10 | L16: 70 | M16: =IFERROR(IFERROR(E16*F16,0)+IFERROR(H16*I16,0)+IFERROR(K16*L16,0),0) -> 2340
A17: Remo en maquina con apoyo en el pecho | B17: MC02 | C17: 10-12 | D17: 1 | E17: 10 | F17: 60 | G17: 1 | H17: 10 | I17: 60 | J17: 1 | K17: 10 | L17: 60 | M17: =IFERROR(IFERROR(E17*F17,0)+IFERROR(H17*I17,0)+IFERROR(K17*L17,0),0) -> 1800
A18: Remo Gironda en polea baja | B18: MC02 | C18: 12-15 + RP | D18: 1 | E18: 10 | F18: 70 | G18: 1 | H18: 10 | I18: 80 | J18: 0 | K18: 10 | L18: 70 | M18: =IFERROR(IFERROR(E18*F18,0)+IFERROR(H18*I18,0)+IFERROR(K18*L18,0),0) -> 2200
A19: Pull-over con cuerda en polea alta | B19: MC02 | C19: 12-15 | D19: 0 | E19: 12 | F19: 30 | G19: 0 | H19: 12 | I19: 30 | J19: 0 | K19: 12 | L19: 30 | M19: =IFERROR(IFERROR(E19*F19,0)+IFERROR(H19*I19,0)+IFERROR(K19*L19,0),0) -> 1080
A20: Pajaros para deltoide posterior en maquina | B20: MC02 | C20: 15-20 + DS | D20: 1 | E20: 10 | F20: 35 | G20: 0 | H20: 10 | I20: 35 | J20: 0 | K20: 10 | L20: 35 | M20: =IFERROR(IFERROR(E20*F20,0)+IFERROR(H20*I20,0)+IFERROR(K20*L20,0),0) -> 1050
A21: Curl Scott en maquina | B21: MC02 | C21: 10-12 + Fallo | D21: 0 | E21: 12 | F21: 15 | G21: 0 | H21: 12 | I21: 15 | J21: 0 | K21: 12 | L21: 15 | M21: =IFERROR(IFERROR(E21*F21,0)+IFERROR(H21*I21,0)+IFERROR(K21*L21,0),0) -> 540
A22: Rueda abdominal | B22: MC02 | C22: 10-15 + Fallo | D22: 0 | E22: 15 | F22: 55 | G22: 0 | H22: 15 | I22: 55 | J22: 0 | K22: 15 | L22: 55 | M22: =IFERROR(IFERROR(E22*F22,0)+IFERROR(H22*I22,0)+IFERROR(K22*L22,0),0) -> 2475
A23: TONELAJE TOTAL MC02 | M23: =SUM(M16,M17,M18,M19,M20,M21,M22) -> 11485
A25: MICROCICLO 03
A26: Jalon al pecho con agarre neutro | B26: MC03 | C26: 10-12 | D26: 1 | E26: 10 | F26: 70 | G26: 1 | H26: 10 | I26: 70 | J26: 1 | K26: 10 | L26: 70 | M26: =IFERROR(IFERROR(E26*F26,0)+IFERROR(H26*I26,0)+IFERROR(K26*L26,0),0) -> 2100
A27: Remo en maquina con apoyo en el pecho | B27: MC03 | C27: 10-12 | D27: 1 | E27: 10 | F27: 60 | G27: 1 | H27: 11 | I27: 60 | J27: 1 | K27: 10 | L27: 60 | M27: =IFERROR(IFERROR(E27*F27,0)+IFERROR(H27*I27,0)+IFERROR(K27*L27,0),0) -> 1860
A28: Remo Gironda en polea baja | B28: MC03 | C28: 12-15 + RP | D28: 1 | E28: 12 | F28: 80 | G28: 1 | H28: 11 | I28: 80 | J28: 0 | K28: 10 | L28: 80 | M28: =IFERROR(IFERROR(E28*F28,0)+IFERROR(H28*I28,0)+IFERROR(K28*L28,0),0) -> 2640
A29: Pull-over con cuerda en polea alta | B29: MC03 | C29: 12-15 | D29: 0 | E29: 12 | F29: 30 | G29: 0 | H29: 12 | I29: 30 | J29: 0 | K29: 11 | L29: 35 | M29: =IFERROR(IFERROR(E29*F29,0)+IFERROR(H29*I29,0)+IFERROR(K29*L29,0),0) -> 1105
A30: Pajaros para deltoide posterior en maquina | B30: MC03 | C30: 15-20 + DS | D30: 1 | E30: 12 | F30: 35 | G30: 0 | H30: 12 | I30: 35 | J30: 0 | K30: 12 | L30: 35 | M30: =IFERROR(IFERROR(E30*F30,0)+IFERROR(H30*I30,0)+IFERROR(K30*L30,0),0) -> 1260
A31: Curl Scott en maquina | B31: MC03 | C31: 10-12 + Fallo | D31: 0 | E31: 12 | F31: 15 | G31: 0 | H31: 12 | I31: 15 | J31: 0 | K31: 12 | L31: 15 | M31: =IFERROR(IFERROR(E31*F31,0)+IFERROR(H31*I31,0)+IFERROR(K31*L31,0),0) -> 540
A32: Rueda abdominal | B32: MC03 | C32: 10-15 + Fallo | D32: 0 | E32: 12 | F32: 55 | G32: 0 | H32: 12 | I32: 55 | J32: 0 | K32: 12 | L32: 55 | M32: =IFERROR(IFERROR(E32*F32,0)+IFERROR(H32*I32,0)+IFERROR(K32*L32,0),0) -> 1980
A33: TONELAJE TOTAL MC03 | M33: =SUM(M26,M27,M28,M29,M30,M31,M32) -> 11485
A35: MICROCICLO 04
A36: Jalon al pecho con agarre neutro | B36: MC04 | C36: 10-12 | D36: 1 | E36: 12 | F36: 70 | G36: 1 | H36: 12 | I36: 70 | J36: 1 | K36: 11 | L36: 70 | M36: =IFERROR(IFERROR(E36*F36,0)+IFERROR(H36*I36,0)+IFERROR(K36*L36,0),0) -> 2450
A37: Remo en maquina con apoyo en el pecho | B37: MC04 | C37: 10-12 | D37: 1 | E37: 10 | F37: 80 | G37: 1 | H37: 10 | I37: 80 | J37: 1 | K37: 10 | L37: 80 | M37: =IFERROR(IFERROR(E37*F37,0)+IFERROR(H37*I37,0)+IFERROR(K37*L37,0),0) -> 2400
A38: Remo Gironda en polea baja | B38: MC04 | C38: 12-15 + RP | D38: 1 | E38: 12 | F38: 80 | G38: 1 | H38: 12 | I38: 80 | J38: 0 | K38: 12 | L38: 80 | M38: =IFERROR(IFERROR(E38*F38,0)+IFERROR(H38*I38,0)+IFERROR(K38*L38,0),0) -> 2880
A39: Pull-over con cuerda en polea alta | B39: MC04 | C39: 12-15 | D39: 0 | E39: 12 | F39: 30 | G39: 0 | H39: 12 | I39: 30 | J39: 0 | K39: 12 | L39: 30 | M39: =IFERROR(IFERROR(E39*F39,0)+IFERROR(H39*I39,0)+IFERROR(K39*L39,0),0) -> 1080
A40: Pajaros para deltoide posterior en maquina | B40: MC04 | C40: 15-20 + DS | D40: 1 | E40: 12 | F40: 35 | G40: 0 | H40: 12 | I40: 35 | J40: 0 | K40: 12 | L40: 35 | M40: =IFERROR(IFERROR(E40*F40,0)+IFERROR(H40*I40,0)+IFERROR(K40*L40,0),0) -> 1260
A41: Curl Scott en maquina | B41: MC04 | C41: 10-12 + Fallo | D41: 0 | E41: 12 | F41: 15 | G41: 0 | H41: 12 | I41: 15 | J41: 0 | K41: 12 | L41: 15 | M41: =IFERROR(IFERROR(E41*F41,0)+IFERROR(H41*I41,0)+IFERROR(K41*L41,0),0) -> 540
A42: Rueda abdominal | B42: MC04 | C42: 10-15 + Fallo | D42: 0 | E42: 12 | F42: 55 | G42: 0 | H42: 12 | I42: 55 | J42: 0 | K42: 12 | L42: 55 | M42: =IFERROR(IFERROR(E42*F42,0)+IFERROR(H42*I42,0)+IFERROR(K42*L42,0),0) -> 1980
A43: TONELAJE TOTAL MC04 | M43: =SUM(M36,M37,M38,M39,M40,M41,M42) -> 12590
A45: MICROCICLO 05
A46: Jalon al pecho con agarre neutro | B46: MC05 | C46: 10-12 | D46: 1 | G46: 1 | J46: 1 | M46: =IFERROR(IFERROR(E46*F46,0)+IFERROR(H46*I46,0)+IFERROR(K46*L46,0),0) -> 0
A47: Remo en maquina con apoyo en el pecho | B47: MC05 | C47: 10-12 | D47: 1 | G47: 1 | J47: 1 | M47: =IFERROR(IFERROR(E47*F47,0)+IFERROR(H47*I47,0)+IFERROR(K47*L47,0),0) -> 0
A48: Remo con mancuerna unilateral | B48: MC05 | C48: 10-12/lado + Fallo | D48: 0 | G48: 0 | J48: 0 | M48: =IFERROR(IFERROR(E48*F48,0)+IFERROR(H48*I48,0)+IFERROR(K48*L48,0),0) -> 0
A49: Remo Gironda en polea baja | B49: MC05 | C49: 12-15 + RP | D49: 1 | G49: 1 | J49: 0 | M49: =IFERROR(IFERROR(E49*F49,0)+IFERROR(H49*I49,0)+IFERROR(K49*L49,0),0) -> 0
A50: Hiperextensiones a 45 grados | B50: MC05 | C50: 15-20 | D50: 1 | G50: 1 | J50: 1 | M50: =IFERROR(IFERROR(E50*F50,0)+IFERROR(H50*I50,0)+IFERROR(K50*L50,0),0) -> 0
A51: Pull-over en polea | FST-7 (7x / 30s) | B51: MC05 | C51: 12-15 | FST-7 | D51: 0 | G51: 0 | J51: 0 | M51: =IFERROR(IFERROR(E51*F51,0)+IFERROR(H51*I51,0)+IFERROR(K51*L51,0),0) -> 0
A52: Pajaros para deltoide posterior en maquina | B52: MC05 | C52: 15-20 + DS | D52: 1 | G52: 0 | J52: 0 | M52: =IFERROR(IFERROR(E52*F52,0)+IFERROR(H52*I52,0)+IFERROR(K52*L52,0),0) -> 0
A53: Curl Scott en maquina | B53: MC05 | C53: 10-12 + Fallo | D53: 0 | G53: 0 | J53: 0 | M53: =IFERROR(IFERROR(E53*F53,0)+IFERROR(H53*I53,0)+IFERROR(K53*L53,0),0) -> 0
A54: Rueda abdominal | B54: MC05 | C54: 10-15 + Fallo | D54: 0 | G54: 0 | J54: 0 | M54: =IFERROR(IFERROR(E54*F54,0)+IFERROR(H54*I54,0)+IFERROR(K54*L54,0),0) -> 0
A55: TONELAJE TOTAL MC05 | M55: =SUM(M46,M47,M48,M49,M50,M51,M52,M53,M54) -> 0
A57: MICROCICLO 06
A58: Jalon al pecho con agarre neutro | B58: MC06 | C58: 10-12 | D58: 1 | G58: 1 | J58: 1 | M58: =IFERROR(IFERROR(E58*F58,0)+IFERROR(H58*I58,0)+IFERROR(K58*L58,0),0) -> 0
A59: Remo en maquina con apoyo en el pecho | B59: MC06 | C59: 10-12 | D59: 1 | G59: 1 | J59: 1 | M59: =IFERROR(IFERROR(E59*F59,0)+IFERROR(H59*I59,0)+IFERROR(K59*L59,0),0) -> 0
A60: Remo con mancuerna unilateral | B60: MC06 | C60: 10-12/lado + Fallo | D60: 0 | G60: 0 | J60: 0 | M60: =IFERROR(IFERROR(E60*F60,0)+IFERROR(H60*I60,0)+IFERROR(K60*L60,0),0) -> 0
A61: Remo Gironda en polea baja | B61: MC06 | C61: 12-15 + RP | D61: 1 | G61: 1 | J61: 0 | M61: =IFERROR(IFERROR(E61*F61,0)+IFERROR(H61*I61,0)+IFERROR(K61*L61,0),0) -> 0
A62: Hiperextensiones a 45 grados | B62: MC06 | C62: 15-20 | D62: 1 | G62: 1 | J62: 1 | M62: =IFERROR(IFERROR(E62*F62,0)+IFERROR(H62*I62,0)+IFERROR(K62*L62,0),0) -> 0
A63: Pull-over en polea | FST-7 (7x / 30s) | B63: MC06 | C63: 12-15 | FST-7 | D63: 0 | G63: 0 | J63: 0 | M63: =IFERROR(IFERROR(E63*F63,0)+IFERROR(H63*I63,0)+IFERROR(K63*L63,0),0) -> 0
A64: Pajaros para deltoide posterior en maquina | B64: MC06 | C64: 15-20 + DS | D64: 1 | G64: 0 | J64: 0 | M64: =IFERROR(IFERROR(E64*F64,0)+IFERROR(H64*I64,0)+IFERROR(K64*L64,0),0) -> 0
A65: Curl Scott en maquina | B65: MC06 | C65: 10-12 + Fallo | D65: 0 | G65: 0 | J65: 0 | M65: =IFERROR(IFERROR(E65*F65,0)+IFERROR(H65*I65,0)+IFERROR(K65*L65,0),0) -> 0
A66: Rueda abdominal | B66: MC06 | C66: 10-15 + Fallo | D66: 0 | G66: 0 | J66: 0 | M66: =IFERROR(IFERROR(E66*F66,0)+IFERROR(H66*I66,0)+IFERROR(K66*L66,0),0) -> 0
A67: TONELAJE TOTAL MC06 | M67: =SUM(M58,M59,M60,M61,M62,M63,M64,M65,M66) -> 0
A69: MICROCICLO 07
A70: Jalon al pecho con agarre neutro | B70: MC07 | C70: 10-12 | D70: 1 | G70: 1 | J70: 1 | M70: =IFERROR(IFERROR(E70*F70,0)+IFERROR(H70*I70,0)+IFERROR(K70*L70,0),0) -> 0
A71: Remo en maquina con apoyo en el pecho | B71: MC07 | C71: 10-12 | D71: 1 | G71: 1 | J71: 1 | M71: =IFERROR(IFERROR(E71*F71,0)+IFERROR(H71*I71,0)+IFERROR(K71*L71,0),0) -> 0
A72: Remo con mancuerna unilateral | B72: MC07 | C72: 10-12/lado + Fallo | D72: 0 | G72: 0 | J72: 0 | M72: =IFERROR(IFERROR(E72*F72,0)+IFERROR(H72*I72,0)+IFERROR(K72*L72,0),0) -> 0
A73: Remo Gironda en polea baja | B73: MC07 | C73: 12-15 + RP | D73: 1 | G73: 1 | J73: 0 | M73: =IFERROR(IFERROR(E73*F73,0)+IFERROR(H73*I73,0)+IFERROR(K73*L73,0),0) -> 0
A74: Hiperextensiones a 45 grados | B74: MC07 | C74: 15-20 | D74: 1 | G74: 1 | J74: 1 | M74: =IFERROR(IFERROR(E74*F74,0)+IFERROR(H74*I74,0)+IFERROR(K74*L74,0),0) -> 0
A75: Pull-over en polea | FST-7 (7x / 30s) | B75: MC07 | C75: 12-15 | FST-7 | D75: 0 | G75: 0 | J75: 0 | M75: =IFERROR(IFERROR(E75*F75,0)+IFERROR(H75*I75,0)+IFERROR(K75*L75,0),0) -> 0
A76: Pajaros para deltoide posterior en maquina | B76: MC07 | C76: 15-20 + DS | D76: 1 | G76: 0 | J76: 0 | M76: =IFERROR(IFERROR(E76*F76,0)+IFERROR(H76*I76,0)+IFERROR(K76*L76,0),0) -> 0
A77: Curl Scott en maquina | B77: MC07 | C77: 10-12 + Fallo | D77: 0 | G77: 0 | J77: 0 | M77: =IFERROR(IFERROR(E77*F77,0)+IFERROR(H77*I77,0)+IFERROR(K77*L77,0),0) -> 0
A78: Rueda abdominal | B78: MC07 | C78: 10-15 + Fallo | D78: 0 | G78: 0 | J78: 0 | M78: =IFERROR(IFERROR(E78*F78,0)+IFERROR(H78*I78,0)+IFERROR(K78*L78,0),0) -> 0
A79: TONELAJE TOTAL MC07 | M79: =SUM(M70,M71,M72,M73,M74,M75,M76,M77,M78) -> 0
A81: MICROCICLO 08
A82: Jalon al pecho con agarre neutro | B82: MC08 | C82: 10-12 | D82: 1 | G82: 1 | J82: 1 | M82: =IFERROR(IFERROR(E82*F82,0)+IFERROR(H82*I82,0)+IFERROR(K82*L82,0),0) -> 0
A83: Remo en maquina con apoyo en el pecho | B83: MC08 | C83: 10-12 | D83: 1 | G83: 1 | J83: 1 | M83: =IFERROR(IFERROR(E83*F83,0)+IFERROR(H83*I83,0)+IFERROR(K83*L83,0),0) -> 0
A84: Remo con mancuerna unilateral | B84: MC08 | C84: 10-12/lado + Fallo | D84: 0 | G84: 0 | J84: 0 | M84: =IFERROR(IFERROR(E84*F84,0)+IFERROR(H84*I84,0)+IFERROR(K84*L84,0),0) -> 0
A85: Remo Gironda en polea baja | B85: MC08 | C85: 12-15 + RP | D85: 1 | G85: 1 | J85: 0 | M85: =IFERROR(IFERROR(E85*F85,0)+IFERROR(H85*I85,0)+IFERROR(K85*L85,0),0) -> 0
A86: Hiperextensiones a 45 grados | B86: MC08 | C86: 15-20 | D86: 1 | G86: 1 | J86: 1 | M86: =IFERROR(IFERROR(E86*F86,0)+IFERROR(H86*I86,0)+IFERROR(K86*L86,0),0) -> 0
A87: Pull-over en polea | FST-7 (7x / 30s) | B87: MC08 | C87: 12-15 | FST-7 | D87: 0 | G87: 0 | J87: 0 | M87: =IFERROR(IFERROR(E87*F87,0)+IFERROR(H87*I87,0)+IFERROR(K87*L87,0),0) -> 0
A88: Pajaros para deltoide posterior en maquina | B88: MC08 | C88: 15-20 + DS | D88: 1 | G88: 0 | J88: 0 | M88: =IFERROR(IFERROR(E88*F88,0)+IFERROR(H88*I88,0)+IFERROR(K88*L88,0),0) -> 0
A89: Curl Scott en maquina | B89: MC08 | C89: 10-12 + Fallo | D89: 0 | G89: 0 | J89: 0 | M89: =IFERROR(IFERROR(E89*F89,0)+IFERROR(H89*I89,0)+IFERROR(K89*L89,0),0) -> 0
A90: Rueda abdominal | B90: MC08 | C90: 10-15 + Fallo | D90: 0 | G90: 0 | J90: 0 | M90: =IFERROR(IFERROR(E90*F90,0)+IFERROR(H90*I90,0)+IFERROR(K90*L90,0),0) -> 0
A91: TONELAJE TOTAL MC08 | M91: =SUM(M82,M83,M84,M85,M86,M87,M88,M89,M90) -> 0
A93: REGISTRO DE CARDIO
A94: DESCRIPCION [ ] | F94: MINUTOS [ ] | H94: VELOCIDAD [ ] | K94: INCLINACION [ ]

Sheet DAY 3
A1: DAY 3 — MARTES — Pecho + Hombro + Triceps + Core
A2: CALENTAMIENTO (5-8 min)
A3: [ ] Movilidad Munecas | B3: [ ] Rot. Manguito | F3: [ ] Flexiones (Push-ups)
A4: EJERCICIO | B4: MC | C4: REPS OBJETIVO + RP | D4: RIR S1 | E4: Reps S1 | F4: Kg S1 [ | G4: RIR S2 | H4: Reps S2 | I4: Kg S2 | J4: RIR S3 | K4: Reps S3 | L4: Kg S3 | M4: TONELAJE (Auto) | N4: COSAS A COMENTAR | O4: HECHO [ ]
A5: MICROCICLO 01
A6: Press plano en maquina | B6: MC01 | C6: 8-12 | D6: 1 | E6: 0 | F6: 0 | G6: 1 | H6: 0 | I6: 0 | J6: 1 | K6: 0 | L6: 0 | M6: =IFERROR(IFERROR(E6*F6,0)+IFERROR(H6*I6,0)+IFERROR(K6*L6,0),0) -> 0
A7: Press inclinado en multipower | B7: MC01 | C7: 8-12 + RP | D7: 1 | E7: 0 | F7: 0 | G7: 1 | H7: 0 | I7: 0 | J7: 0 | K7: 0 | L7: 0 | M7: =IFERROR(IFERROR(E7*F7,0)+IFERROR(H7*I7,0)+IFERROR(K7*L7,0),0) -> 0
A8: Press declinado en maquina | B8: MC01 | C8: 10-12 | D8: 1 | E8: 0 | F8: 0 | G8: 1 | H8: 0 | I8: 0 | J8: 1 | K8: 0 | L8: 0 | M8: =IFERROR(IFERROR(E8*F8,0)+IFERROR(H8*I8,0)+IFERROR(K8*L8,0),0) -> 0
A9: Aperturas en Pec-Deck | B9: MC01 | C9: 12-15 + DS | D9: 1 | E9: 0 | F9: 0 | G9: 0 | H9: 0 | I9: 0 | J9: 0 | K9: 0 | L9: 0 | M9: =IFERROR(IFERROR(E9*F9,0)+IFERROR(H9*I9,0)+IFERROR(K9*L9,0),0) -> 0
A10: Elevaciones laterales con mancuerna | B10: MC01 | C10: 15-20 | D10: 0 | E10: 0 | F10: 0 | G10: 0 | H10: 0 | I10: 0 | J10: 0 | K10: 0 | L10: 0 | M10: =IFERROR(IFERROR(E10*F10,0)+IFERROR(H10*I10,0)+IFERROR(K10*L10,0),0) -> 0
A11: Elevaciones laterales en polea baja | B11: MC01 | C11: 15-20 | D11: 0 | E11: 0 | F11: 0 | G11: 0 | H11: 0 | I11: 0 | J11: 0 | K11: 0 | L11: 0 | M11: =IFERROR(IFERROR(E11*F11,0)+IFERROR(H11*I11,0)+IFERROR(K11*L11,0),0) -> 0
A12: Elevaciones laterales en polea media | B12: MC01 | C12: 15-20 | D12: 0 | E12: 0 | F12: 0 | G12: 0 | H12: 0 | I12: 0 | J12: 0 | K12: 0 | L12: 0 | M12: =IFERROR(IFERROR(E12*F12,0)+IFERROR(H12*I12,0)+IFERROR(K12*L12,0),0) -> 0
A13: Extension de triceps en polea alta | B13: MC01 | C13: 12-15 + Fallo | D13: 0 | E13: 0 | F13: 0 | G13: 0 | H13: 0 | I13: 0 | J13: 0 | K13: 0 | L13: 0 | M13: =IFERROR(IFERROR(E13*F13,0)+IFERROR(H13*I13,0)+IFERROR(K13*L13,0),0) -> 0
A14: Extensiones Katana en polea | B14: MC01 | C14: 12-15 + DS | D14: 1 | E14: 0 | F14: 0 | G14: 0 | H14: 0 | I14: 0 | J14: 0 | K14: 0 | L14: 0 | M14: =IFERROR(IFERROR(E14*F14,0)+IFERROR(H14*I14,0)+IFERROR(K14*L14,0),0) -> 0
A15: Crunch abdominal en polea | B15: MC01 | C15: 15-20 + Fallo | D15: 0 | E15: 0 | F15: 0 | G15: 0 | H15: 0 | I15: 0 | J15: 0 | K15: 0 | L15: 0 | M15: =IFERROR(IFERROR(E15*F15,0)+IFERROR(H15*I15,0)+IFERROR(K15*L15,0),0) -> 0
A16: TONELAJE TOTAL MC01 | M16: =SUM(M6,M7,M8,M9,M10,M11,M12,M13,M14,M15) -> 0
A18: MICROCICLO 02
A19: Press plano en maquina | B19: MC02 | C19: 8-12 | D19: 1 | E19: 10 | F19: 40 | G19: 1 | H19: 10 | I19: 40 | J19: 1 | K19: 10 | L19: 40 | M19: =IFERROR(IFERROR(E19*F19,0)+IFERROR(H19*I19,0)+IFERROR(K19*L19,0),0) -> 1200
A20: Press inclinado en multipower | B20: MC02 | C20: 8-12 + RP | D20: 1 | E20: 8 | F20: 50 | G20: 1 | H20: 8 | I20: 50 | J20: 0 | K20: 15 | L20: 50 | M20: =IFERROR(IFERROR(E20*F20,0)+IFERROR(H20*I20,0)+IFERROR(K20*L20,0),0) -> 1550
A21: Press declinado en maquina | B21: MC02 | C21: 10-12 | D21: 1 | E21: 10 | F21: 42.5 | G21: 1 | H21: 10 | I21: 42.5 | J21: 1 | K21: 10 | L21: 42.5 | M21: =IFERROR(IFERROR(E21*F21,0)+IFERROR(H21*I21,0)+IFERROR(K21*L21,0),0) -> 1275
A22: Aperturas en Pec-Deck | B22: MC02 | C22: 12-15 + DS | D22: 1 | E22: 12 | F22: 42.5 | G22: 0 | H22: 12 | I22: 42.5 | J22: 0 | K22: 12 | L22: 42.5 | M22: =IFERROR(IFERROR(E22*F22,0)+IFERROR(H22*I22,0)+IFERROR(K22*L22,0),0) -> 1530
A23: Elevaciones laterales con mancuerna | B23: MC02 | C23: 15-20 | D23: 0 | E23: 15 | F23: 9 | G23: 0 | H23: 15 | I23: 9 | J23: 0 | K23: 15 | L23: 9 | M23: =IFERROR(IFERROR(E23*F23,0)+IFERROR(H23*I23,0)+IFERROR(K23*L23,0),0) -> 405
A24: Elevaciones laterales en polea baja | B24: MC02 | C24: 15-20 | D24: 0 | E24: 15 | F24: 11.5 | G24: 0 | H24: 15 | I24: 11.5 | J24: 0 | K24: 15 | L24: 11.5 | M24: =IFERROR(IFERROR(E24*F24,0)+IFERROR(H24*I24,0)+IFERROR(K24*L24,0),0) -> 517.5
A25: Elevaciones laterales en polea media | B25: MC02 | C25: 15-20 | D25: 0 | E25: 15 | F25: 15 | G25: 0 | H25: 15 | I25: 15 | J25: 0 | K25: 15 | L25: 15 | M25: =IFERROR(IFERROR(E25*F25,0)+IFERROR(H25*I25,0)+IFERROR(K25*L25,0),0) -> 675
A26: Extension de triceps en polea alta | B26: MC02 | C26: 12-15 + Fallo | D26: 0 | E26: 12 | F26: 20 | G26: 0 | H26: 13 | I26: 20 | J26: 0 | K26: 13 | L26: 20 | M26: =IFERROR(IFERROR(E26*F26,0)+IFERROR(H26*I26,0)+IFERROR(K26*L26,0),0) -> 760
A27: Extensiones Katana en polea | B27: MC02 | C27: 12-15 + DS | D27: 1 | E27: 12 | F27: 15 | G27: 0 | H27: 10 | I27: 15 | J27: 0 | K27: 10 | L27: 15 | M27: =IFERROR(IFERROR(E27*F27,0)+IFERROR(H27*I27,0)+IFERROR(K27*L27,0),0) -> 480
A28: Crunch abdominal en polea | B28: MC02 | C28: 15-20 + Fallo | D28: 0 | E28: 16 | F28: 57.5 | G28: 0 | H28: 14 | I28: 62.5 | J28: 0 | K28: 14 | L28: 57.5 | M28: =IFERROR(IFERROR(E28*F28,0)+IFERROR(H28*I28,0)+IFERROR(K28*L28,0),0) -> 2600
A29: TONELAJE TOTAL MC02 | M29: =SUM(M19,M20,M21,M22,M23,M24,M25,M26,M27,M28) -> 10992.5
A31: MICROCICLO 03
A32: Press plano en maquina | B32: MC03 | C32: 8-12 | D32: 1 | E32: 8 | F32: 60 | G32: 1 | H32: 8 | I32: 60 | J32: 1 | K32: 7 | L32: 60 | M32: =IFERROR(IFERROR(E32*F32,0)+IFERROR(H32*I32,0)+IFERROR(K32*L32,0),0) -> 1380
A33: Press inclinado en multipower | B33: MC03 | C33: 8-12 + RP | D33: 1 | E33: 8 | F33: 50 | G33: 1 | H33: 8 | I33: 50 | J33: 0 | K33: 8 | L33: 50 | M33: =IFERROR(IFERROR(E33*F33,0)+IFERROR(H33*I33,0)+IFERROR(K33*L33,0),0) -> 1200
A34: Press declinado en maquina | B34: MC03 | C34: 10-12 | D34: 1 | E34: 12 | F34: 42.5 | G34: 1 | H34: 10 | I34: 50 | J34: 1 | K34: 10 | L34: 50 | M34: =IFERROR(IFERROR(E34*F34,0)+IFERROR(H34*I34,0)+IFERROR(K34*L34,0),0) -> 1510
A35: Aperturas en Pec-Deck | B35: MC03 | C35: 12-15 + DS | D35: 1 | E35: 12 | F35: 42.5 | G35: 0 | H35: 12 | I35: 42.5 | J35: 0 | K35: 12 | L35: 42.5 | M35: =IFERROR(IFERROR(E35*F35,0)+IFERROR(H35*I35,0)+IFERROR(K35*L35,0),0) -> 1530
A36: Elevaciones laterales con mancuerna | B36: MC03 | C36: 15-20 | D36: 0 | E36: 15 | F36: 9 | G36: 0 | H36: 15 | I36: 9 | J36: 0 | K36: 13 | L36: 10 | M36: =IFERROR(IFERROR(E36*F36,0)+IFERROR(H36*I36,0)+IFERROR(K36*L36,0),0) -> 400
A37: Elevaciones laterales en polea baja | B37: MC03 | C37: 15-20 | D37: 0 | E37: 15 | F37: 12.5 | G37: 0 | H37: 15 | I37: 12.5 | J37: 0 | K37: 15 | L37: 12.5 | M37: =IFERROR(IFERROR(E37*F37,0)+IFERROR(H37*I37,0)+IFERROR(K37*L37,0),0) -> 562.5
A38: Elevaciones laterales en polea media | B38: MC03 | C38: 15-20 | D38: 0 | E38: 15 | F38: 20 | G38: 0 | H38: 20 | I38: 15 | J38: 0 | K38: 15 | L38: 20 | M38: =IFERROR(IFERROR(E38*F38,0)+IFERROR(H38*I38,0)+IFERROR(K38*L38,0),0) -> 900
A39: Extension de triceps en polea alta | B39: MC03 | C39: 12-15 + Fallo | D39: 0 | E39: 12 | F39: 25 | G39: 0 | H39: 12 | I39: 25 | J39: 0 | K39: 12 | L39: 25 | M39: =IFERROR(IFERROR(E39*F39,0)+IFERROR(H39*I39,0)+IFERROR(K39*L39,0),0) -> 900
A40: Extensiones Katana en polea | B40: MC03 | C40: 12-15 + DS | D40: 1 | E40: 12 | F40: 15 | G40: 0 | H40: 12 | I40: 15 | J40: 0 | K40: 12 | L40: 15 | M40: =IFERROR(IFERROR(E40*F40,0)+IFERROR(H40*I40,0)+IFERROR(K40*L40,0),0) -> 540
A41: Crunch abdominal en polea | B41: MC03 | C41: 15-20 + Fallo | D41: 0 | E41: 16 | F41: 57.5 | G41: 0 | H41: 16 | I41: 57.5 | J41: 0 | K41: 16 | L41: 57.5 | M41: =IFERROR(IFERROR(E41*F41,0)+IFERROR(H41*I41,0)+IFERROR(K41*L41,0),0) -> 2760
A42: TONELAJE TOTAL MC03 | M42: =SUM(M32,M33,M34,M35,M36,M37,M38,M39,M40,M41) -> 11682.5
A44: MICROCICLO 04
A45: Press plano en maquina | B45: MC04 | C45: 8-12 | D45: 1 | E45: 10 | F45: 60 | G45: 1 | H45: 8 | I45: 62.5 | J45: 1 | K45: 8 | L45: 62.5 | M45: =IFERROR(IFERROR(E45*F45,0)+IFERROR(H45*I45,0)+IFERROR(K45*L45,0),0) -> 1600
A46: Press inclinado en multipower | B46: MC04 | C46: 8-12 + RP | D46: 1 | E46: 8 | F46: 60 | G46: 1 | H46: 8 | I46: 60 | J46: 0 | K46: 8 | L46: 60 | M46: =IFERROR(IFERROR(E46*F46,0)+IFERROR(H46*I46,0)+IFERROR(K46*L46,0),0) -> 1440
A47: Press declinado en maquina | B47: MC04 | C47: 10-12 | D47: 1 | E47: 12 | F47: 50 | G47: 1 | H47: 10 | I47: 50 | J47: 1 | K47: 10 | L47: 50 | M47: =IFERROR(IFERROR(E47*F47,0)+IFERROR(H47*I47,0)+IFERROR(K47*L47,0),0) -> 1600
A48: Aperturas en Pec-Deck | B48: MC04 | C48: 12-15 + DS | D48: 1 | E48: 12 | F48: 42.5 | G48: 0 | H48: 12 | I48: 42.5 | J48: 0 | K48: 12 | L48: 42.5 | M48: =IFERROR(IFERROR(E48*F48,0)+IFERROR(H48*I48,0)+IFERROR(K48*L48,0),0) -> 1530
A49: Elevaciones laterales con mancuerna | B49: MC04 | C49: 15-20 | D49: 0 | E49: 18 | F49: 9 | G49: 0 | H49: 16 | I49: 9 | J49: 0 | K49: 16 | L49: 9 | M49: =IFERROR(IFERROR(E49*F49,0)+IFERROR(H49*I49,0)+IFERROR(K49*L49,0),0) -> 450
A50: Elevaciones laterales en polea baja | B50: MC04 | C50: 15-20 | D50: 0 | E50: 15 | F50: 12.5 | G50: 0 | H50: 15 | I50: 12.5 | J50: 0 | K50: 15 | L50: 12.5 | M50: =IFERROR(IFERROR(E50*F50,0)+IFERROR(H50*I50,0)+IFERROR(K50*L50,0),0) -> 562.5
A51: Elevaciones laterales en polea media | B51: MC04 | C51: 15-20 | D51: 0 | E51: 15 | F51: 20 | G51: 0 | H51: 15 | I51: 20 | J51: 0 | K51: 15 | L51: 20 | M51: =IFERROR(IFERROR(E51*F51,0)+IFERROR(H51*I51,0)+IFERROR(K51*L51,0),0) -> 900
A52: Extension de triceps en polea alta | B52: MC04 | C52: 12-15 + Fallo | D52: 0 | E52: 12 | F52: 25 | G52: 0 | H52: 10 | I52: 30 | J52: 0 | K52: 10 | L52: 30 | M52: =IFERROR(IFERROR(E52*F52,0)+IFERROR(H52*I52,0)+IFERROR(K52*L52,0),0) -> 900
A53: Extensiones Katana en polea | B53: MC04 | C53: 12-15 + DS | D53: 1 | E53: 12 | F53: 15 | G53: 0 | H53: 12 | I53: 15 | J53: 0 | K53: 12 | L53: 15 | M53: =IFERROR(IFERROR(E53*F53,0)+IFERROR(H53*I53,0)+IFERROR(K53*L53,0),0) -> 540
A54: Crunch abdominal en polea | B54: MC04 | C54: 15-20 + Fallo | D54: 0 | E54: 16 | F54: 57.5 | G54: 0 | H54: 16 | I54: 57.5 | J54: 0 | K54: 16 | L54: 57.5 | M54: =IFERROR(IFERROR(E54*F54,0)+IFERROR(H54*I54,0)+IFERROR(K54*L54,0),0) -> 2760
A55: TONELAJE TOTAL MC04 | M55: =SUM(M45,M46,M47,M48,M49,M50,M51,M52,M53,M54) -> 12282.5
A57: MICROCICLO 05
A58: Press plano en maquina | B58: MC05 | C58: 8-12 | D58: 1 | G58: 1 | J58: 1 | M58: =IFERROR(IFERROR(E58*F58,0)+IFERROR(H58*I58,0)+IFERROR(K58*L58,0),0) -> 0
A59: Press inclinado en multipower | B59: MC05 | C59: 8-12 + RP | D59: 1 | G59: 1 | J59: 0 | M59: =IFERROR(IFERROR(E59*F59,0)+IFERROR(H59*I59,0)+IFERROR(K59*L59,0),0) -> 0
A60: Press declinado en maquina | B60: MC05 | C60: 10-12 | D60: 1 | G60: 1 | J60: 1 | M60: =IFERROR(IFERROR(E60*F60,0)+IFERROR(H60*I60,0)+IFERROR(K60*L60,0),0) -> 0
A61: Aperturas en Pec-Deck | B61: MC05 | C61: 12-15 + DS | D61: 1 | G61: 0 | J61: 0 | M61: =IFERROR(IFERROR(E61*F61,0)+IFERROR(H61*I61,0)+IFERROR(K61*L61,0),0) -> 0
A62: Elevaciones laterales con mancuerna | B62: MC05 | C62: 15-20 | D62: 0 | G62: 0 | J62: 0 | M62: =IFERROR(IFERROR(E62*F62,0)+IFERROR(H62*I62,0)+IFERROR(K62*L62,0),0) -> 0
A63: Elevaciones laterales en polea baja | B63: MC05 | C63: 15-20 | D63: 0 | G63: 0 | J63: 0 | M63: =IFERROR(IFERROR(E63*F63,0)+IFERROR(H63*I63,0)+IFERROR(K63*L63,0),0) -> 0
A64: Elevaciones laterales en polea media | B64: MC05 | C64: 15-20 | D64: 0 | G64: 0 | J64: 0 | M64: =IFERROR(IFERROR(E64*F64,0)+IFERROR(H64*I64,0)+IFERROR(K64*L64,0),0) -> 0
A65: Extension de triceps en polea alta | B65: MC05 | C65: 12-15 + Fallo | D65: 0 | G65: 0 | J65: 0 | M65: =IFERROR(IFERROR(E65*F65,0)+IFERROR(H65*I65,0)+IFERROR(K65*L65,0),0) -> 0
A66: Extensiones Katana en polea | B66: MC05 | C66: 12-15 + DS | D66: 1 | G66: 0 | J66: 0 | M66: =IFERROR(IFERROR(E66*F66,0)+IFERROR(H66*I66,0)+IFERROR(K66*L66,0),0) -> 0
A67: Crunch abdominal en polea | B67: MC05 | C67: 15-20 + Fallo | D67: 0 | G67: 0 | J67: 0 | M67: =IFERROR(IFERROR(E67*F67,0)+IFERROR(H67*I67,0)+IFERROR(K67*L67,0),0) -> 0
A68: TONELAJE TOTAL MC05 | M68: =SUM(M58,M59,M60,M61,M62,M63,M64,M65,M66,M67) -> 0
A70: MICROCICLO 06
A71: Press plano en maquina | B71: MC06 | C71: 8-12 | D71: 1 | G71: 1 | J71: 1 | M71: =IFERROR(IFERROR(E71*F71,0)+IFERROR(H71*I71,0)+IFERROR(K71*L71,0),0) -> 0
A72: Press inclinado en multipower | B72: MC06 | C72: 8-12 + RP | D72: 1 | G72: 1 | J72: 0 | M72: =IFERROR(IFERROR(E72*F72,0)+IFERROR(H72*I72,0)+IFERROR(K72*L72,0),0) -> 0
A73: Press declinado en maquina | B73: MC06 | C73: 10-12 | D73: 1 | G73: 1 | J73: 1 | M73: =IFERROR(IFERROR(E73*F73,0)+IFERROR(H73*I73,0)+IFERROR(K73*L73,0),0) -> 0
A74: Aperturas en Pec-Deck | B74: MC06 | C74: 12-15 + DS | D74: 1 | G74: 0 | J74: 0 | M74: =IFERROR(IFERROR(E74*F74,0)+IFERROR(H74*I74,0)+IFERROR(K74*L74,0),0) -> 0
A75: Elevaciones laterales con mancuerna | B75: MC06 | C75: 15-20 | D75: 0 | G75: 0 | J75: 0 | M75: =IFERROR(IFERROR(E75*F75,0)+IFERROR(H75*I75,0)+IFERROR(K75*L75,0),0) -> 0
A76: Elevaciones laterales en polea baja | B76: MC06 | C76: 15-20 | D76: 0 | G76: 0 | J76: 0 | M76: =IFERROR(IFERROR(E76*F76,0)+IFERROR(H76*I76,0)+IFERROR(K76*L76,0),0) -> 0
A77: Elevaciones laterales en polea media | B77: MC06 | C77: 15-20 | D77: 0 | G77: 0 | J77: 0 | M77: =IFERROR(IFERROR(E77*F77,0)+IFERROR(H77*I77,0)+IFERROR(K77*L77,0),0) -> 0
A78: Extension de triceps en polea alta | B78: MC06 | C78: 12-15 + Fallo | D78: 0 | G78: 0 | J78: 0 | M78: =IFERROR(IFERROR(E78*F78,0)+IFERROR(H78*I78,0)+IFERROR(K78*L78,0),0) -> 0
A79: Extensiones Katana en polea | B79: MC06 | C79: 12-15 + DS | D79: 1 | G79: 0 | J79: 0 | M79: =IFERROR(IFERROR(E79*F79,0)+IFERROR(H79*I79,0)+IFERROR(K79*L79,0),0) -> 0
A80: Crunch abdominal en polea | B80: MC06 | C80: 15-20 + Fallo | D80: 0 | G80: 0 | J80: 0 | M80: =IFERROR(IFERROR(E80*F80,0)+IFERROR(H80*I80,0)+IFERROR(K80*L80,0),0) -> 0
A81: TONELAJE TOTAL MC06 | M81: =SUM(M71,M72,M73,M74,M75,M76,M77,M78,M79,M80) -> 0
A83: MICROCICLO 07
A84: Press plano en maquina | B84: MC07 | C84: 8-12 | D84: 1 | G84: 1 | J84: 1 | M84: =IFERROR(IFERROR(E84*F84,0)+IFERROR(H84*I84,0)+IFERROR(K84*L84,0),0) -> 0
A85: Press inclinado en multipower | B85: MC07 | C85: 8-12 + RP | D85: 1 | G85: 1 | J85: 0 | M85: =IFERROR(IFERROR(E85*F85,0)+IFERROR(H85*I85,0)+IFERROR(K85*L85,0),0) -> 0
A86: Press declinado en maquina | B86: MC07 | C86: 10-12 | D86: 1 | G86: 1 | J86: 1 | M86: =IFERROR(IFERROR(E86*F86,0)+IFERROR(H86*I86,0)+IFERROR(K86*L86,0),0) -> 0
A87: Aperturas en Pec-Deck | B87: MC07 | C87: 12-15 + DS | D87: 1 | G87: 0 | J87: 0 | M87: =IFERROR(IFERROR(E87*F87,0)+IFERROR(H87*I87,0)+IFERROR(K87*L87,0),0) -> 0
A88: Elevaciones laterales con mancuerna | B88: MC07 | C88: 15-20 | D88: 0 | G88: 0 | J88: 0 | M88: =IFERROR(IFERROR(E88*F88,0)+IFERROR(H88*I88,0)+IFERROR(K88*L88,0),0) -> 0
A89: Elevaciones laterales en polea baja | B89: MC07 | C89: 15-20 | D89: 0 | G89: 0 | J89: 0 | M89: =IFERROR(IFERROR(E89*F89,0)+IFERROR(H89*I89,0)+IFERROR(K89*L89,0),0) -> 0
A90: Elevaciones laterales en polea media | B90: MC07 | C90: 15-20 | D90: 0 | G90: 0 | J90: 0 | M90: =IFERROR(IFERROR(E90*F90,0)+IFERROR(H90*I90,0)+IFERROR(K90*L90,0),0) -> 0
A91: Extension de triceps en polea alta | B91: MC07 | C91: 12-15 + Fallo | D91: 0 | G91: 0 | J91: 0 | M91: =IFERROR(IFERROR(E91*F91,0)+IFERROR(H91*I91,0)+IFERROR(K91*L91,0),0) -> 0
A92: Extensiones Katana en polea | B92: MC07 | C92: 12-15 + DS | D92: 1 | G92: 0 | J92: 0 | M92: =IFERROR(IFERROR(E92*F92,0)+IFERROR(H92*I92,0)+IFERROR(K92*L92,0),0) -> 0
A93: Crunch abdominal en polea | B93: MC07 | C93: 15-20 + Fallo | D93: 0 | G93: 0 | J93: 0 | M93: =IFERROR(IFERROR(E93*F93,0)+IFERROR(H93*I93,0)+IFERROR(K93*L93,0),0) -> 0
A94: TONELAJE TOTAL MC07 | M94: =SUM(M84,M85,M86,M87,M88,M89,M90,M91,M92,M93) -> 0
A96: MICROCICLO 08
A97: Press plano en maquina | B97: MC08 | C97: 8-12 | D97: 1 | G97: 1 | J97: 1 | M97: =IFERROR(IFERROR(E97*F97,0)+IFERROR(H97*I97,0)+IFERROR(K97*L97,0),0) -> 0
A98: Press inclinado en multipower | B98: MC08 | C98: 8-12 + RP | D98: 1 | G98: 1 | J98: 0 | M98: =IFERROR(IFERROR(E98*F98,0)+IFERROR(H98*I98,0)+IFERROR(K98*L98,0),0) -> 0
A99: Press declinado en maquina | B99: MC08 | C99: 10-12 | D99: 1 | G99: 1 | J99: 1 | M99: =IFERROR(IFERROR(E99*F99,0)+IFERROR(H99*I99,0)+IFERROR(K99*L99,0),0) -> 0
A100: Aperturas en Pec-Deck | B100: MC08 | C100: 12-15 + DS | D100: 1 | G100: 0 | J100: 0 | M100: =IFERROR(IFERROR(E100*F100,0)+IFERROR(H100*I100,0)+IFERROR(K100*L100,0),0) -> 0
A101: Elevaciones laterales con mancuerna | B101: MC08 | C101: 15-20 | D101: 0 | G101: 0 | J101: 0 | M101: =IFERROR(IFERROR(E101*F101,0)+IFERROR(H101*I101,0)+IFERROR(K101*L101,0),0) -> 0
A102: Elevaciones laterales en polea baja | B102: MC08 | C102: 15-20 | D102: 0 | G102: 0 | J102: 0 | M102: =IFERROR(IFERROR(E102*F102,0)+IFERROR(H102*I102,0)+IFERROR(K102*L102,0),0) -> 0
A103: Elevaciones laterales en polea media | B103: MC08 | C103: 15-20 | D103: 0 | G103: 0 | J103: 0 | M103: =IFERROR(IFERROR(E103*F103,0)+IFERROR(H103*I103,0)+IFERROR(K103*L103,0),0) -> 0
A104: Extension de triceps en polea alta | B104: MC08 | C104: 12-15 + Fallo | D104: 0 | G104: 0 | J104: 0 | M104: =IFERROR(IFERROR(E104*F104,0)+IFERROR(H104*I104,0)+IFERROR(K104*L104,0),0) -> 0
A105: Extensiones Katana en polea | B105: MC08 | C105: 12-15 + DS | D105: 1 | G105: 0 | J105: 0 | M105: =IFERROR(IFERROR(E105*F105,0)+IFERROR(H105*I105,0)+IFERROR(K105*L105,0),0) -> 0
A106: Crunch abdominal en polea | B106: MC08 | C106: 15-20 + Fallo | D106: 0 | G106: 0 | J106: 0 | M106: =IFERROR(IFERROR(E106*F106,0)+IFERROR(H106*I106,0)+IFERROR(K106*L106,0),0) -> 0
A107: TONELAJE TOTAL MC08 | M107: =SUM(M97,M98,M99,M100,M101,M102,M103,M104,M105,M106) -> 0
...

Sheet DAY 4
A1: DAY 4 — MIERCOLES — Pierna Compuesta + Core
A2: CALENTAMIENTO (5-8 min)
A3: [ ] Sentadilla Profunda hold 3s | B3: [ ] Dinamico Flexores Cadera | F3: [ ] Movilidad Tobillo
A4: EJERCICIO | B4: MC | C4: REPS OBJETIVO + RP | D4: RIR S1 | E4: Reps S1 | F4: Kg S1 | G4: RIR S2 | H4: Reps S2 | I4: Kg S2 | J4: RIR S3 | K4: Reps S3 | L4: Kg S3 | M4: TONELAJE (Auto) | N4: COSAS A COMENTAR | O4: HECHO [ ]
A5: MICROCICLO 01
A6: Peso muerto rumano con mancuernas | B6: MC01 | C6: 10-12 | D6: 1 | E6: 12 | F6: 17.5 | G6: 1 | H6: 12 | I6: 17.5 | J6: 1 | K6: 12 | L6: 17.5 | M6: =IFERROR(IFERROR(E6*F6,0)+IFERROR(H6*I6,0)+IFERROR(K6*L6,0),0) -> 630
A7: Prensa de piernas inclinada | B7: MC01 | C7: 10-12 + Fallo | D7: 0 | E7: 12 | F7: 150 | G7: 0 | H7: 10 | I7: 150 | J7: 0 | K7: 10 | L7: 150 | M7: =IFERROR(IFERROR(E7*F7,0)+IFERROR(H7*I7,0)+IFERROR(K7*L7,0),0) -> 4800
A8: Extension de cuadriceps en maquina | B8: MC01 | C8: 12-15 + DS | D8: 1 | E8: 12 | F8: 60 | G8: 0 | H8: 12 | I8: 60 | J8: 0 | K8: 12 | L8: 60 | M8: =IFERROR(IFERROR(E8*F8,0)+IFERROR(H8*I8,0)+IFERROR(K8*L8,0),0) -> 2160
A9: Curl femoral sentado en maquina | B9: MC01 | C9: 12-15 + RP | D9: 1 | E9: 13 | F9: 47.5 | G9: 1 | H9: 12 | I9: 47.5 | J9: 0 | K9: 12 | L9: 47.5 | M9: =IFERROR(IFERROR(E9*F9,0)+IFERROR(H9*I9,0)+IFERROR(K9*L9,0),0) -> 1757.5
A10: Aductores en maquina | B10: MC01 | C10: 15-20 | D10: 0 | E10: 15 | F10: 35 | G10: 0 | H10: 15 | I10: 35 | J10: 0 | K10: 13 | L10: 35 | M10: =IFERROR(IFERROR(E10*F10,0)+IFERROR(H10*I10,0)+IFERROR(K10*L10,0),0) -> 1505
A11: Gemelos en prensa | B11: MC01 | C11: 15-20 + Fallo | D11: 0 | E11: 18 | F11: 100 | G11: 0 | H11: 18 | I11: 100 | J11: 0 | K11: 16 | L11: 100 | M11: =IFERROR(IFERROR(E11*F11,0)+IFERROR(H11*I11,0)+IFERROR(K11*L11,0),0) -> 5200
A12: Elevaciones de piernas tumbado | B12: MC01 | C12: 12-15 + Fallo | D12: 0 | E12: 12 | F12: 50 | G12: 0 | H12: 12 | I12: 50 | J12: 0 | K12: 12 | L12: 50 | M12: =IFERROR(IFERROR(E12*F12,0)+IFERROR(H12*I12,0)+IFERROR(K12*L12,0),0) -> 1800
A13: TONELAJE TOTAL MC01 | M13: =SUM(M6,M7,M8,M9,M10,M11,M12) -> 17852.5
A15: MICROCICLO 02
A16: Peso muerto rumano con mancuernas | B16: MC02 | C16: 10-12 | D16: 1 | E16: 12 | F16: 15 | G16: 1 | H16: 12 | I16: 15 | J16: 1 | K16: 12 | L16: 15 | M16: =IFERROR(IFERROR(E16*F16,0)+IFERROR(H16*I16,0)+IFERROR(K16*L16,0),0) -> 540 | N16: no habían mancuernas de 17,5
A17: Prensa de piernas inclinada | B17: MC02 | C17: 10-12 + Fallo | D17: 0 | E17: 12 | F17: 150 | G17: 0 | H17: 9 | I17: 150 | J17: 0 | K17: 10 | L17: 150 | M17: =IFERROR(IFERROR(E17*F17,0)+IFERROR(H17*I17,0)+IFERROR(K17*L17,0),0) -> 4650
A18: Extension de cuadriceps en maquina | B18: MC02 | C18: 12-15 + DS | D18: 1 | E18: 12 | F18: 60 | G18: 0 | H18: 12 | I18: 60 | J18: 0 | K18: 12 | L18: 60 | M18: =IFERROR(IFERROR(E18*F18,0)+IFERROR(H18*I18,0)+IFERROR(K18*L18,0),0) -> 2160
A19: Curl femoral sentado en maquina | B19: MC02 | C19: 12-15 + RP | D19: 1 | E19: 12 | F19: 47.5 | G19: 1 | H19: 12 | I19: 47.5 | J19: 0 | K19: 12 | L19: 47.5 | M19: =IFERROR(IFERROR(E19*F19,0)+IFERROR(H19*I19,0)+IFERROR(K19*L19,0),0) -> 1710
A20: Aductores en maquina | B20: MC02 | C20: 15-20 | D20: 0 | E20: 15 | F20: 35 | G20: 0 | H20: 15 | I20: 35 | J20: 0 | K20: 15 | L20: 35 | M20: =IFERROR(IFERROR(E20*F20,0)+IFERROR(H20*I20,0)+IFERROR(K20*L20,0),0) -> 1575
A21: Gemelos en prensa | B21: MC02 | C21: 15-20 + Fallo | D21: 0 | E21: 18 | F21: 100 | G21: 0 | H21: 18 | I21: 100 | J21: 0 | K21: 18 | L21: 100 | M21: =IFERROR(IFERROR(E21*F21,0)+IFERROR(H21*I21,0)+IFERROR(K21*L21,0),0) -> 5400
A22: Elevaciones de piernas tumbado | B22: MC02 | C22: 12-15 + Fallo | D22: 0 | E22: 13 | F22: 50 | G22: 0 | H22: 13 | I22: 50 | J22: 0 | K22: 14 | L22: 50 | M22: =IFERROR(IFERROR(E22*F22,0)+IFERROR(H22*I22,0)+IFERROR(K22*L22,0),0) -> 2000
A23: TONELAJE TOTAL MC02 | M23: =SUM(M16,M17,M18,M19,M20,M21,M22) -> 18035
A25: MICROCICLO 03
A26: Peso muerto rumano con mancuernas | B26: MC03 | C26: 10-12 | D26: 1 | E26: 12 | F26: 15 | G26: 1 | H26: 12 | I26: 15 | J26: 1 | K26: 12 | L26: 15 | M26: =IFERROR(IFERROR(E26*F26,0)+IFERROR(H26*I26,0)+IFERROR(K26*L26,0),0) -> 540
A27: Prensa de piernas inclinada | B27: MC03 | C27: 10-12 + Fallo | D27: 0 | E27: 10 | F27: 160 | G27: 0 | H27: 10 | I27: 160 | J27: 0 | K27: 10 | L27: 160 | M27: =IFERROR(IFERROR(E27*F27,0)+IFERROR(H27*I27,0)+IFERROR(K27*L27,0),0) -> 4800
A28: Extension de cuadriceps en maquina | B28: MC03 | C28: 12-15 + DS | D28: 1 | E28: 12 | F28: 57.5 | G28: 0 | H28: 12 | I28: 57.5 | J28: 0 | K28: 12 | L28: 57.5 | M28: =IFERROR(IFERROR(E28*F28,0)+IFERROR(H28*I28,0)+IFERROR(K28*L28,0),0) -> 2070
A29: Curl femoral sentado en maquina | B29: MC03 | C29: 12-15 + RP | D29: 1 | E29: 12 | F29: 42.5 | G29: 1 | H29: 12 | I29: 42.5 | J29: 0 | K29: 12 | L29: 42.5 | M29: =IFERROR(IFERROR(E29*F29,0)+IFERROR(H29*I29,0)+IFERROR(K29*L29,0),0) -> 1530
A30: Aductores en maquina | B30: MC03 | C30: 15-20 | D30: 0 | E30: 12 | F30: 35 | G30: 0 | H30: 12 | I30: 35 | J30: 0 | K30: 12 | L30: 35 | M30: =IFERROR(IFERROR(E30*F30,0)+IFERROR(H30*I30,0)+IFERROR(K30*L30,0),0) -> 1260
A31: Gemelos en prensa | B31: MC03 | C31: 15-20 + Fallo | D31: 0 | E31: 18 | F31: 100 | G31: 0 | H31: 18 | I31: 100 | J31: 0 | K31: 18 | L31: 100 | M31: =IFERROR(IFERROR(E31*F31,0)+IFERROR(H31*I31,0)+IFERROR(K31*L31,0),0) -> 5400
A32: Elevaciones de piernas tumbado | B32: MC03 | C32: 12-15 + Fallo | D32: 0 | E32: 13 | F32: 50 | G32: 0 | H32: 13 | I32: 50 | J32: 0 | K32: 13 | L32: 50 | M32: =IFERROR(IFERROR(E32*F32,0)+IFERROR(H32*I32,0)+IFERROR(K32*L32,0),0) -> 1950 | N32: peso corp
A33: TONELAJE TOTAL MC03 | M33: =SUM(M26,M27,M28,M29,M30,M31,M32) -> 17550
A35: MICROCICLO 04
A36: Peso muerto rumano con mancuernas | B36: MC04 | C36: 10-12 | D36: 1 | E36: 12 | F36: 15 | G36: 1 | H36: 12 | I36: 15 | J36: 1 | K36: 12 | L36: 15 | M36: =IFERROR(IFERROR(E36*F36,0)+IFERROR(H36*I36,0)+IFERROR(K36*L36,0),0) -> 540
A37: Prensa de piernas inclinada | B37: MC04 | C37: 10-12 + Fallo | D37: 0 | E37: 12 | F37: 165 | G37: 0 | H37: 10 | I37: 185 | J37: 0 | K37: 8 | L37: 185 | M37: =IFERROR(IFERROR(E37*F37,0)+IFERROR(H37*I37,0)+IFERROR(K37*L37,0),0) -> 5310 | N37: primera aproximación
A38: Extension de cuadriceps en maquina | B38: MC04 | C38: 12-15 + DS | D38: 1 | E38: 12 | F38: 57.5 | G38: 0 | H38: 12 | I38: 57.5 | J38: 0 | K38: 12 | L38: 57.5 | M38: =IFERROR(IFERROR(E38*F38,0)+IFERROR(H38*I38,0)+IFERROR(K38*L38,0),0) -> 2070
A39: Curl femoral sentado en maquina | B39: MC04 | C39: 12-15 + RP | D39: 1 | E39: 12 | F39: 42.5 | G39: 1 | H39: 12 | I39: 50 | J39: 0 | K39: 12 | L39: 50 | M39: =IFERROR(IFERROR(E39*F39,0)+IFERROR(H39*I39,0)+IFERROR(K39*L39,0),0) -> 1710
A40: Aductores en maquina | B40: MC04 | C40: 15-20 | D40: 0 | E40: 12 | F40: 42.5 | G40: 0 | H40: 12 | I40: 42.5 | J40: 0 | K40: 12 | L40: 42.5 | M40: =IFERROR(IFERROR(E40*F40,0)+IFERROR(H40*I40,0)+IFERROR(K40*L40,0),0) -> 1530
A41: Gemelos en prensa | B41: MC04 | C41: 15-20 + Fallo | D41: 0 | E41: 18 | F41: 100 | G41: 0 | H41: 18 | I41: 100 | J41: 0 | K41: 18 | L41: 100 | M41: =IFERROR(IFERROR(E41*F41,0)+IFERROR(H41*I41,0)+IFERROR(K41*L41,0),0) -> 5400
A42: Elevaciones de piernas tumbado | B42: MC04 | C42: 12-15 + Fallo | D42: 0 | E42: 13 | F42: 50 | G42: 0 | H42: 13 | I42: 50 | J42: 0 | K42: 13 | L42: 50 | M42: =IFERROR(IFERROR(E42*F42,0)+IFERROR(H42*I42,0)+IFERROR(K42*L42,0),0) -> 1950 | N42: peso corp
A43: TONELAJE TOTAL MC04 | M43: =SUM(M36,M37,M38,M39,M40,M41,M42) -> 18510
A45: MICROCICLO 05
A46: Peso muerto rumano con mancuernas | B46: MC05 | C46: 10-12 | D46: 1 | G46: 1 | J46: 1 | M46: =IFERROR(IFERROR(E46*F46,0)+IFERROR(H46*I46,0)+IFERROR(K46*L46,0),0) -> 0
A47: Prensa de piernas inclinada | B47: MC05 | C47: 10-12 + Fallo | D47: 0 | G47: 0 | J47: 0 | M47: =IFERROR(IFERROR(E47*F47,0)+IFERROR(H47*I47,0)+IFERROR(K47*L47,0),0) -> 0
A48: Extension de cuadriceps en maquina | B48: MC05 | C48: 12-15 + DS | D48: 1 | G48: 0 | J48: 0 | M48: =IFERROR(IFERROR(E48*F48,0)+IFERROR(H48*I48,0)+IFERROR(K48*L48,0),0) -> 0
A49: Curl femoral sentado en maquina | B49: MC05 | C49: 12-15 + RP | D49: 1 | G49: 1 | J49: 0 | M49: =IFERROR(IFERROR(E49*F49,0)+IFERROR(H49*I49,0)+IFERROR(K49*L49,0),0) -> 0
A50: Aductores en maquina | B50: MC05 | C50: 15-20 | D50: 0 | G50: 0 | J50: 0 | M50: =IFERROR(IFERROR(E50*F50,0)+IFERROR(H50*I50,0)+IFERROR(K50*L50,0),0) -> 0
A51: Gemelos en prensa | B51: MC05 | C51: 15-20 + Fallo | D51: 0 | G51: 0 | J51: 0 | M51: =IFERROR(IFERROR(E51*F51,0)+IFERROR(H51*I51,0)+IFERROR(K51*L51,0),0) -> 0
A52: Elevaciones de piernas tumbado | B52: MC05 | C52: 12-15 + Fallo | D52: 0 | G52: 0 | J52: 0 | M52: =IFERROR(IFERROR(E52*F52,0)+IFERROR(H52*I52,0)+IFERROR(K52*L52,0),0) -> 0
A53: TONELAJE TOTAL MC05 | M53: =SUM(M46,M47,M48,M49,M50,M51,M52) -> 0
A55: MICROCICLO 06
A56: Peso muerto rumano con mancuernas | B56: MC06 | C56: 10-12 | D56: 1 | G56: 1 | J56: 1 | M56: =IFERROR(IFERROR(E56*F56,0)+IFERROR(H56*I56,0)+IFERROR(K56*L56,0),0) -> 0
A57: Prensa de piernas inclinada | B57: MC06 | C57: 10-12 + Fallo | D57: 0 | G57: 0 | J57: 0 | M57: =IFERROR(IFERROR(E57*F57,0)+IFERROR(H57*I57,0)+IFERROR(K57*L57,0),0) -> 0
A58: Extension de cuadriceps en maquina | B58: MC06 | C58: 12-15 + DS | D58: 1 | G58: 0 | J58: 0 | M58: =IFERROR(IFERROR(E58*F58,0)+IFERROR(H58*I58,0)+IFERROR(K58*L58,0),0) -> 0
A59: Curl femoral sentado en maquina | B59: MC06 | C59: 12-15 + RP | D59: 1 | G59: 1 | J59: 0 | M59: =IFERROR(IFERROR(E59*F59,0)+IFERROR(H59*I59,0)+IFERROR(K59*L59,0),0) -> 0
A60: Aductores en maquina | B60: MC06 | C60: 15-20 | D60: 0 | G60: 0 | J60: 0 | M60: =IFERROR(IFERROR(E60*F60,0)+IFERROR(H60*I60,0)+IFERROR(K60*L60,0),0) -> 0
A61: Gemelos en prensa | B61: MC06 | C61: 15-20 + Fallo | D61: 0 | G61: 0 | J61: 0 | M61: =IFERROR(IFERROR(E61*F61,0)+IFERROR(H61*I61,0)+IFERROR(K61*L61,0),0) -> 0
A62: Elevaciones de piernas tumbado | B62: MC06 | C62: 12-15 + Fallo | D62: 0 | G62: 0 | J62: 0 | M62: =IFERROR(IFERROR(E62*F62,0)+IFERROR(H62*I62,0)+IFERROR(K62*L62,0),0) -> 0
A63: TONELAJE TOTAL MC06 | M63: =SUM(M56,M57,M58,M59,M60,M61,M62) -> 0
A65: MICROCICLO 07
A66: Peso muerto rumano con mancuernas | B66: MC07 | C66: 10-12 | D66: 1 | G66: 1 | J66: 1 | M66: =IFERROR(IFERROR(E66*F66,0)+IFERROR(H66*I66,0)+IFERROR(K66*L66,0),0) -> 0
A67: Prensa de piernas inclinada | B67: MC07 | C67: 10-12 + Fallo | D67: 0 | G67: 0 | J67: 0 | M67: =IFERROR(IFERROR(E67*F67,0)+IFERROR(H67*I67,0)+IFERROR(K67*L67,0),0) -> 0
A68: Extension de cuadriceps en maquina | B68: MC07 | C68: 12-15 + DS | D68: 1 | G68: 0 | J68: 0 | M68: =IFERROR(IFERROR(E68*F68,0)+IFERROR(H68*I68,0)+IFERROR(K68*L68,0),0) -> 0
A69: Curl femoral sentado en maquina | B69: MC07 | C69: 12-15 + RP | D69: 1 | G69: 1 | J69: 0 | M69: =IFERROR(IFERROR(E69*F69,0)+IFERROR(H69*I69,0)+IFERROR(K69*L69,0),0) -> 0
A70: Aductores en maquina | B70: MC07 | C70: 15-20 | D70: 0 | G70: 0 | J70: 0 | M70: =IFERROR(IFERROR(E70*F70,0)+IFERROR(H70*I70,0)+IFERROR(K70*L70,0),0) -> 0
A71: Gemelos en prensa | B71: MC07 | C71: 15-20 + Fallo | D71: 0 | G71: 0 | J71: 0 | M71: =IFERROR(IFERROR(E71*F71,0)+IFERROR(H71*I71,0)+IFERROR(K71*L71,0),0) -> 0
A72: Elevaciones de piernas tumbado | B72: MC07 | C72: 12-15 + Fallo | D72: 0 | G72: 0 | J72: 0 | M72: =IFERROR(IFERROR(E72*F72,0)+IFERROR(H72*I72,0)+IFERROR(K72*L72,0),0) -> 0
A73: TONELAJE TOTAL MC07 | M73: =SUM(M66,M67,M68,M69,M70,M71,M72) -> 0
A75: MICROCICLO 08
A76: Peso muerto rumano con mancuernas | B76: MC08 | C76: 10-12 | D76: 1 | G76: 1 | J76: 1 | M76: =IFERROR(IFERROR(E76*F76,0)+IFERROR(H76*I76,0)+IFERROR(K76*L76,0),0) -> 0
A77: Prensa de piernas inclinada | B77: MC08 | C77: 10-12 + Fallo | D77: 0 | G77: 0 | J77: 0 | M77: =IFERROR(IFERROR(E77*F77,0)+IFERROR(H77*I77,0)+IFERROR(K77*L77,0),0) -> 0
A78: Extension de cuadriceps en maquina | B78: MC08 | C78: 12-15 + DS | D78: 1 | G78: 0 | J78: 0 | M78: =IFERROR(IFERROR(E78*F78,0)+IFERROR(H78*I78,0)+IFERROR(K78*L78,0),0) -> 0
A79: Curl femoral sentado en maquina | B79: MC08 | C79: 12-15 + RP | D79: 1 | G79: 1 | J79: 0 | M79: =IFERROR(IFERROR(E79*F79,0)+IFERROR(H79*I79,0)+IFERROR(K79*L79,0),0) -> 0
A80: Aductores en maquina | B80: MC08 | C80: 15-20 | D80: 0 | G80: 0 | J80: 0 | M80: =IFERROR(IFERROR(E80*F80,0)+IFERROR(H80*I80,0)+IFERROR(K80*L80,0),0) -> 0
A81: Gemelos en prensa | B81: MC08 | C81: 15-20 + Fallo | D81: 0 | G81: 0 | J81: 0 | M81: =IFERROR(IFERROR(E81*F81,0)+IFERROR(H81*I81,0)+IFERROR(K81*L81,0),0) -> 0
A82: Elevaciones de piernas tumbado | B82: MC08 | C82: 12-15 + Fallo | D82: 0 | G82: 0 | J82: 0 | M82: =IFERROR(IFERROR(E82*F82,0)+IFERROR(H82*I82,0)+IFERROR(K82*L82,0),0) -> 0
A83: TONELAJE TOTAL MC08 | M83: =SUM(M76,M77,M78,M79,M80,M81,M82) -> 0
A85: REGISTRO DE CARDIO
A86: DESCRIPCION [ ] | F86: MINUTOS [ ] | H86: VELOCIDAD [ ] | K86: INCLINACION [ ]

Sheet DAY 5
A1: DAY 5 — JUEVES — Espalda + Biceps + Core
A2: CALENTAMIENTO (5-8 min)
A3: [ ] Circulos Hombros | B3: [ ] Band Pull-aparts | F3: [ ] Face-pull Ligero
A4: EJERCICIO | B4: MC | C4: REPS OBJETIVO + RP | D4: RIR S1 | E4: Reps S1 | F4: Kg S1 | G4: RIR S2 | H4: Reps S2 | I4: Kg S2 | J4: RIR S3 | K4: Reps S3 | L4: Kg S3 | M4: TONELAJE (Auto) | N4: COSAS A COMENTAR | O4: HECHO [ ]
A5: MICROCICLO 01
A6: Remo Gironda en polea baja | B6: MC01 | C6: 12-15 | D6: 1 | E6: 10 | F6: 90 | G6: 1 | H6: 12 | I6: 80 | J6: 1 | K6: 12 | L6: 80 | M6: =IFERROR(IFERROR(E6*F6,0)+IFERROR(H6*I6,0)+IFERROR(K6*L6,0),0) -> 2820
A7: Jalon al pecho con agarre neutro | B7: MC01 | C7: 10-12 + RP | D7: 1 | E7: 12 | F7: 70 | G7: 1 | H7: 12 | I7: 70 | J7: 0 | K7: 12 | L7: 70 | M7: =IFERROR(IFERROR(E7*F7,0)+IFERROR(H7*I7,0)+IFERROR(K7*L7,0),0) -> 2520
A8: Remo unilateral en maquina | B8: MC01 | C8: 10-12 + Fallo | D8: 0 | E8: 12 | F8: 30 | G8: 0 | H8: 12 | I8: 30 | J8: 0 | K8: 10 | L8: 30 | M8: =IFERROR(IFERROR(E8*F8,0)+IFERROR(H8*I8,0)+IFERROR(K8*L8,0),0) -> 1020
A9: Curl martillo con mancuernas | B9: MC01 | C9: 10-12 + DS | D9: 1 | E9: 10 | F9: 12.5 | G9: 0 | H9: 10 | I9: 12.5 | J9: 0 | K9: 10 | L9: 12.5 | M9: =IFERROR(IFERROR(E9*F9,0)+IFERROR(H9*I9,0)+IFERROR(K9*L9,0),0) -> 375
A10: Curl Bayesian en polea | B10: MC01 | C10: 12-15 + Fallo | D10: 0 | E10: 10 | F10: 20 | G10: 0 | H10: 12 | I10: 15 | J10: 0 | K10: 12 | L10: 15 | M10: =IFERROR(IFERROR(E10*F10,0)+IFERROR(H10*I10,0)+IFERROR(K10*L10,0),0) -> 560
A11: Plancha abdominal lastrada | B11: MC01 | C11: 30-60 seg | D11: 0 | E11: 12 | F11: 50 | G11: 0 | H11: 12 | I11: 50 | J11: 0 | K11: 12 | L11: 50 | M11: =IFERROR(IFERROR(E11*F11,0)+IFERROR(H11*I11,0)+IFERROR(K11*L11,0),0) -> 1800 | N11: Peso corporal
A12: TONELAJE TOTAL MC01 | M12: =SUM(M6,M7,M8,M9,M10,M11) -> 9095
A14: MICROCICLO 02
A15: Remo Gironda en polea baja | B15: MC02 | C15: 12-15 | D15: 1 | E15: 12 | F15: 80 | G15: 1 | H15: 12 | I15: 70 | J15: 1 | K15: 12 | L15: 70 | M15: =IFERROR(IFERROR(E15*F15,0)+IFERROR(H15*I15,0)+IFERROR(K15*L15,0),0) -> 2640
A16: Jalon al pecho con agarre neutro | B16: MC02 | C16: 10-12 + RP | D16: 1 | E16: 12 | F16: 70 | G16: 1 | H16: 12 | I16: 70 | J16: 0 | K16: 12 | L16: 70 | M16: =IFERROR(IFERROR(E16*F16,0)+IFERROR(H16*I16,0)+IFERROR(K16*L16,0),0) -> 2520
A17: Remo unilateral en maquina | B17: MC02 | C17: 10-12 + Fallo | D17: 0 | E17: 12 | F17: 25 | G17: 0 | H17: 12 | I17: 25 | J17: 0 | K17: 12 | L17: 25 | M17: =IFERROR(IFERROR(E17*F17,0)+IFERROR(H17*I17,0)+IFERROR(K17*L17,0),0) -> 900
A18: Curl martillo con mancuernas | B18: MC02 | C18: 10-12 + DS | D18: 1 | E18: 12 | F18: 15 | G18: 0 | H18: 12 | I18: 15 | J18: 0 | K18: 12 | L18: 15 | M18: =IFERROR(IFERROR(E18*F18,0)+IFERROR(H18*I18,0)+IFERROR(K18*L18,0),0) -> 540
A19: Curl Bayesian en polea | B19: MC02 | C19: 12-15 + Fallo | D19: 0 | E19: 15 | F19: 15 | G19: 0 | H19: 13 | I19: 15 | J19: 0 | K19: 12 | L19: 15 | M19: =IFERROR(IFERROR(E19*F19,0)+IFERROR(H19*I19,0)+IFERROR(K19*L19,0),0) -> 600
A20: Plancha abdominal lastrada | B20: MC02 | C20: 30-60 seg | D20: 0 | E20: 12 | F20: 50 | G20: 0 | H20: 12 | I20: 50 | J20: 0 | K20: 12 | L20: 50 | M20: =IFERROR(IFERROR(E20*F20,0)+IFERROR(H20*I20,0)+IFERROR(K20*L20,0),0) -> 1800
A21: TONELAJE TOTAL MC02 | M21: =SUM(M15,M16,M17,M18,M19,M20) -> 9000
A23: MICROCICLO 03
A24: Remo Gironda en polea baja | B24: MC03 | C24: 12-15 | D24: 1 | E24: 12 | F24: 70 | G24: 1 | H24: 12 | I24: 70 | J24: 1 | K24: 12 | L24: 70 | M24: =IFERROR(IFERROR(E24*F24,0)+IFERROR(H24*I24,0)+IFERROR(K24*L24,0),0) -> 2520
A25: Jalon al pecho con agarre neutro | B25: MC03 | C25: 10-12 + RP | D25: 1 | E25: 12 | F25: 70 | G25: 1 | H25: 12 | I25: 80 | J25: 0 | K25: 10 | L25: 80 | M25: =IFERROR(IFERROR(E25*F25,0)+IFERROR(H25*I25,0)+IFERROR(K25*L25,0),0) -> 2600
A26: Remo unilateral en maquina | B26: MC03 | C26: 10-12 + Fallo | D26: 0 | E26: 12 | F26: 30 | G26: 0 | H26: 12 | I26: 30 | J26: 0 | K26: 10 | L26: 30 | M26: =IFERROR(IFERROR(E26*F26,0)+IFERROR(H26*I26,0)+IFERROR(K26*L26,0),0) -> 1020
A27: Curl martillo con mancuernas | B27: MC03 | C27: 10-12 + DS | D27: 1 | E27: 10 | F27: 15 | G27: 0 | H27: 10 | I27: 15 | J27: 0 | K27: 10 | L27: 15 | M27: =IFERROR(IFERROR(E27*F27,0)+IFERROR(H27*I27,0)+IFERROR(K27*L27,0),0) -> 450
A28: Curl Bayesian en polea | B28: MC03 | C28: 12-15 + Fallo | D28: 0 | E28: 13 | F28: 20 | G28: 0 | H28: 13 | I28: 20 | J28: 0 | K28: 12 | L28: 20 | M28: =IFERROR(IFERROR(E28*F28,0)+IFERROR(H28*I28,0)+IFERROR(K28*L28,0),0) -> 760
A29: Plancha abdominal lastrada | B29: MC03 | C29: 30-60 seg | D29: 0 | E29: 12 | F29: 50 | G29: 0 | H29: 12 | I29: 50 | J29: 0 | K29: 12 | L29: 50 | M29: =IFERROR(IFERROR(E29*F29,0)+IFERROR(H29*I29,0)+IFERROR(K29*L29,0),0) -> 1800
A30: TONELAJE TOTAL MC03 | M30: =SUM(M24,M25,M26,M27,M28,M29) -> 9150
A32: MICROCICLO 04
A33: Remo Gironda en polea baja | B33: MC04 | C33: 12-15 | D33: 1 | E33: 12 | F33: 70 | G33: 1 | H33: 12 | I33: 70 | J33: 1 | K33: 12 | L33: 70 | M33: =IFERROR(IFERROR(E33*F33,0)+IFERROR(H33*I33,0)+IFERROR(K33*L33,0),0) -> 2520
A34: Jalon al pecho con agarre neutro | B34: MC04 | C34: 10-12 + RP | D34: 1 | E34: 12 | F34: 70 | G34: 1 | H34: 12 | I34: 70 | J34: 0 | K34: 12 | L34: 70 | M34: =IFERROR(IFERROR(E34*F34,0)+IFERROR(H34*I34,0)+IFERROR(K34*L34,0),0) -> 2520
A35: Remo unilateral en maquina | B35: MC04 | C35: 10-12 + Fallo | D35: 0 | E35: 10 | F35: 60 | G35: 0 | H35: 10 | I35: 60 | J35: 0 | K35: 10 | L35: 60 | M35: =IFERROR(IFERROR(E35*F35,0)+IFERROR(H35*I35,0)+IFERROR(K35*L35,0),0) -> 1800
A36: Remo con mancuerna unilateral | B36: MC04 | C36: 10-12/lado + Fallo | D36: 0 | E36: 10 | F36: 17.5 | G36: 0 | H36: 10 | I36: 17.5 | J36: 0 | K36: 10 | L36: 17.5 | M36: =IFERROR(IFERROR(E36*F36,0)+IFERROR(H36*I36,0)+IFERROR(K36*L36,0),0) -> 525
A37: Hiperextensiones a 45 grados | B37: MC04 | C37: 15-20 | D37: 1 | E37: 10 | F37: 10 | G37: 1 | H37: 10 | I37: 10 | J37: 1 | K37: 10 | L37: 10 | M37: =IFERROR(IFERROR(E37*F37,0)+IFERROR(H37*I37,0)+IFERROR(K37*L37,0),0) -> 300
A38: Pull-over en polea | FST-7 (7x / 30s) | B38: MC04 | C38: 12-15 | FST-7 | D38: 0 | E38: 12 | F38: 37.5 | G38: 0 | H38: 12 | I38: 37.5 | J38: 0 | K38: 12 | L38: 37.5 | M38: =IFERROR(IFERROR(E38*F38,0)+IFERROR(H38*I38,0)+IFERROR(K38*L38,0),0) -> 1350
A39: Curl martillo con mancuernas | B39: MC04 | C39: 10-12 + DS | D39: 1 | E39: 10 | F39: 15 | G39: 0 | H39: 10 | I39: 15 | J39: 0 | K39: 10 | L39: 15 | M39: =IFERROR(IFERROR(E39*F39,0)+IFERROR(H39*I39,0)+IFERROR(K39*L39,0),0) -> 450
A40: Curl Bayesian en polea | B40: MC04 | C40: 12-15 + Fallo | D40: 0 | E40: 15 | F40: 20 | G40: 0 | H40: 15 | I40: 20 | J40: 0 | K40: 15 | L40: 20 | M40: =IFERROR(IFERROR(E40*F40,0)+IFERROR(H40*I40,0)+IFERROR(K40*L40,0),0) -> 900
A41: Plancha abdominal lastrada | B41: MC04 | C41: 30-60 seg | D41: 0 | E41: 12 | F41: 50 | G41: 0 | H41: 12 | I41: 50 | J41: 0 | K41: 12 | L41: 50 | M41: =IFERROR(IFERROR(E41*F41,0)+IFERROR(H41*I41,0)+IFERROR(K41*L41,0),0) -> 1800
A42: TONELAJE TOTAL MC04 | M42: =SUM(M33,M34,M35,M36,M37,M38,M39,M40,M41) -> 12165
A44: MICROCICLO 05
A45: Remo Gironda en polea baja | B45: MC05 | C45: 12-15 | D45: 1 | G45: 1 | J45: 1 | M45: =IFERROR(IFERROR(E45*F45,0)+IFERROR(H45*I45,0)+IFERROR(K45*L45,0),0) -> 0
A46: Jalon al pecho con agarre neutro | B46: MC05 | C46: 10-12 + RP | D46: 1 | G46: 1 | J46: 0 | M46: =IFERROR(IFERROR(E46*F46,0)+IFERROR(H46*I46,0)+IFERROR(K46*L46,0),0) -> 0
A47: Remo unilateral en maquina | B47: MC05 | C47: 10-12 + Fallo | D47: 0 | G47: 0 | J47: 0 | M47: =IFERROR(IFERROR(E47*F47,0)+IFERROR(H47*I47,0)+IFERROR(K47*L47,0),0) -> 0
A48: Remo con mancuerna unilateral | B48: MC05 | C48: 10-12/lado + Fallo | D48: 0 | G48: 0 | J48: 0 | M48: =IFERROR(IFERROR(E48*F48,0)+IFERROR(H48*I48,0)+IFERROR(K48*L48,0),0) -> 0
A49: Hiperextensiones a 45 grados | B49: MC05 | C49: 15-20 | D49: 1 | G49: 1 | J49: 1 | M49: =IFERROR(IFERROR(E49*F49,0)+IFERROR(H49*I49,0)+IFERROR(K49*L49,0),0) -> 0
A50: Pull-over en polea | FST-7 (7x / 30s) | B50: MC05 | C50: 12-15 | FST-7 | D50: 0 | G50: 0 | J50: 0 | M50: =IFERROR(IFERROR(E50*F50,0)+IFERROR(H50*I50,0)+IFERROR(K50*L50,0),0) -> 0
A51: Curl martillo con mancuernas | B51: MC05 | C51: 10-12 + DS | D51: 1 | G51: 0 | J51: 0 | M51: =IFERROR(IFERROR(E51*F51,0)+IFERROR(H51*I51,0)+IFERROR(K51*L51,0),0) -> 0
A52: Curl Bayesian en polea | B52: MC05 | C52: 12-15 + Fallo | D52: 0 | G52: 0 | J52: 0 | M52: =IFERROR(IFERROR(E52*F52,0)+IFERROR(H52*I52,0)+IFERROR(K52*L52,0),0) -> 0
A53: Plancha abdominal lastrada | B53: MC05 | C53: 30-60 seg | D53: 0 | G53: 0 | J53: 0 | M53: =IFERROR(IFERROR(E53*F53,0)+IFERROR(H53*I53,0)+IFERROR(K53*L53,0),0) -> 0
A54: TONELAJE TOTAL MC05 | M54: =SUM(M45,M46,M47,M48,M49,M50,M51,M52,M53) -> 0
A56: MICROCICLO 06
A57: Remo Gironda en polea baja | B57: MC06 | C57: 12-15 | D57: 1 | G57: 1 | J57: 1 | M57: =IFERROR(IFERROR(E57*F57,0)+IFERROR(H57*I57,0)+IFERROR(K57*L57,0),0) -> 0
A58: Jalon al pecho con agarre neutro | B58: MC06 | C58: 10-12 + RP | D58: 1 | G58: 1 | J58: 0 | M58: =IFERROR(IFERROR(E58*F58,0)+IFERROR(H58*I58,0)+IFERROR(K58*L58,0),0) -> 0
A59: Remo unilateral en maquina | B59: MC06 | C59: 10-12 + Fallo | D59: 0 | G59: 0 | J59: 0 | M59: =IFERROR(IFERROR(E59*F59,0)+IFERROR(H59*I59,0)+IFERROR(K59*L59,0),0) -> 0
A60: Remo con mancuerna unilateral | B60: MC06 | C60: 10-12/lado + Fallo | D60: 0 | G60: 0 | J60: 0 | M60: =IFERROR(IFERROR(E60*F60,0)+IFERROR(H60*I60,0)+IFERROR(K60*L60,0),0) -> 0
A61: Hiperextensiones a 45 grados | B61: MC06 | C61: 15-20 | D61: 1 | G61: 1 | J61: 1 | M61: =IFERROR(IFERROR(E61*F61,0)+IFERROR(H61*I61,0)+IFERROR(K61*L61,0),0) -> 0
A62: Pull-over en polea | FST-7 (7x / 30s) | B62: MC06 | C62: 12-15 | FST-7 | D62: 0 | G62: 0 | J62: 0 | M62: =IFERROR(IFERROR(E62*F62,0)+IFERROR(H62*I62,0)+IFERROR(K62*L62,0),0) -> 0
A63: Curl martillo con mancuernas | B63: MC06 | C63: 10-12 + DS | D63: 1 | G63: 0 | J63: 0 | M63: =IFERROR(IFERROR(E63*F63,0)+IFERROR(H63*I63,0)+IFERROR(K63*L63,0),0) -> 0
A64: Curl Bayesian en polea | B64: MC06 | C64: 12-15 + Fallo | D64: 0 | G64: 0 | J64: 0 | M64: =IFERROR(IFERROR(E64*F64,0)+IFERROR(H64*I64,0)+IFERROR(K64*L64,0),0) -> 0
A65: Plancha abdominal lastrada | B65: MC06 | C65: 30-60 seg | D65: 0 | G65: 0 | J65: 0 | M65: =IFERROR(IFERROR(E65*F65,0)+IFERROR(H65*I65,0)+IFERROR(K65*L65,0),0) -> 0
A66: TONELAJE TOTAL MC06 | M66: =SUM(M57,M58,M59,M60,M61,M62,M63,M64,M65) -> 0
A68: MICROCICLO 07
A69: Remo Gironda en polea baja | B69: MC07 | C69: 12-15 | D69: 1 | G69: 1 | J69: 1 | M69: =IFERROR(IFERROR(E69*F69,0)+IFERROR(H69*I69,0)+IFERROR(K69*L69,0),0) -> 0
A70: Jalon al pecho con agarre neutro | B70: MC07 | C70: 10-12 + RP | D70: 1 | G70: 1 | J70: 0 | M70: =IFERROR(IFERROR(E70*F70,0)+IFERROR(H70*I70,0)+IFERROR(K70*L70,0),0) -> 0
A71: Remo unilateral en maquina | B71: MC07 | C71: 10-12 + Fallo | D71: 0 | G71: 0 | J71: 0 | M71: =IFERROR(IFERROR(E71*F71,0)+IFERROR(H71*I71,0)+IFERROR(K71*L71,0),0) -> 0
A72: Remo con mancuerna unilateral | B72: MC07 | C72: 10-12/lado + Fallo | D72: 0 | G72: 0 | J72: 0 | M72: =IFERROR(IFERROR(E72*F72,0)+IFERROR(H72*I72,0)+IFERROR(K72*L72,0),0) -> 0
A73: Hiperextensiones a 45 grados | B73: MC07 | C73: 15-20 | D73: 1 | G73: 1 | J73: 1 | M73: =IFERROR(IFERROR(E73*F73,0)+IFERROR(H73*I73,0)+IFERROR(K73*L73,0),0) -> 0
A74: Pull-over en polea | FST-7 (7x / 30s) | B74: MC07 | C74: 12-15 | FST-7 | D74: 0 | G74: 0 | J74: 0 | M74: =IFERROR(IFERROR(E74*F74,0)+IFERROR(H74*I74,0)+IFERROR(K74*L74,0),0) -> 0
A75: Curl martillo con mancuernas | B75: MC07 | C75: 10-12 + DS | D75: 1 | G75: 0 | J75: 0 | M75: =IFERROR(IFERROR(E75*F75,0)+IFERROR(H75*I75,0)+IFERROR(K75*L75,0),0) -> 0
A76: Curl Bayesian en polea | B76: MC07 | C76: 12-15 + Fallo | D76: 0 | G76: 0 | J76: 0 | M76: =IFERROR(IFERROR(E76*F76,0)+IFERROR(H76*I76,0)+IFERROR(K76*L76,0),0) -> 0
A77: Plancha abdominal lastrada | B77: MC07 | C77: 30-60 seg | D77: 0 | G77: 0 | J77: 0 | M77: =IFERROR(IFERROR(E77*F77,0)+IFERROR(H77*I77,0)+IFERROR(K77*L77,0),0) -> 0
A78: TONELAJE TOTAL MC07 | M78: =SUM(M69,M70,M71,M72,M73,M74,M75,M76,M77) -> 0
A80: MICROCICLO 08
A81: Remo Gironda en polea baja | B81: MC08 | C81: 12-15 | D81: 1 | G81: 1 | J81: 1 | M81: =IFERROR(IFERROR(E81*F81,0)+IFERROR(H81*I81,0)+IFERROR(K81*L81,0),0) -> 0
A82: Jalon al pecho con agarre neutro | B82: MC08 | C82: 10-12 + RP | D82: 1 | G82: 1 | J82: 0 | M82: =IFERROR(IFERROR(E82*F82,0)+IFERROR(H82*I82,0)+IFERROR(K82*L82,0),0) -> 0
A83: Remo unilateral en maquina | B83: MC08 | C83: 10-12 + Fallo | D83: 0 | G83: 0 | J83: 0 | M83: =IFERROR(IFERROR(E83*F83,0)+IFERROR(H83*I83,0)+IFERROR(K83*L83,0),0) -> 0
A84: Remo con mancuerna unilateral | B84: MC08 | C84: 10-12/lado + Fallo | D84: 0 | G84: 0 | J84: 0 | M84: =IFERROR(IFERROR(E84*F84,0)+IFERROR(H84*I84,0)+IFERROR(K84*L84,0),0) -> 0
A85: Hiperextensiones a 45 grados | B85: MC08 | C85: 15-20 | D85: 1 | G85: 1 | J85: 1 | M85: =IFERROR(IFERROR(E85*F85,0)+IFERROR(H85*I85,0)+IFERROR(K85*L85,0),0) -> 0
A86: Pull-over en polea | FST-7 (7x / 30s) | B86: MC08 | C86: 12-15 | FST-7 | D86: 0 | G86: 0 | J86: 0 | M86: =IFERROR(IFERROR(E86*F86,0)+IFERROR(H86*I86,0)+IFERROR(K86*L86,0),0) -> 0
A87: Curl martillo con mancuernas | B87: MC08 | C87: 10-12 + DS | D87: 1 | G87: 0 | J87: 0 | M87: =IFERROR(IFERROR(E87*F87,0)+IFERROR(H87*I87,0)+IFERROR(K87*L87,0),0) -> 0
A88: Curl Bayesian en polea | B88: MC08 | C88: 12-15 + Fallo | D88: 0 | G88: 0 | J88: 0 | M88: =IFERROR(IFERROR(E88*F88,0)+IFERROR(H88*I88,0)+IFERROR(K88*L88,0),0) -> 0
A89: Plancha abdominal lastrada | B89: MC08 | C89: 30-60 seg | D89: 0 | G89: 0 | J89: 0 | M89: =IFERROR(IFERROR(E89*F89,0)+IFERROR(H89*I89,0)+IFERROR(K89*L89,0),0) -> 0
A90: TONELAJE TOTAL MC08 | M90: =SUM(M81,M82,M83,M84,M85,M86,M87,M88,M89) -> 0
A92: REGISTRO DE CARDIO
A93: DESCRIPCION [ ] | F93: MINUTOS [ ] | H93: VELOCIDAD [ ] | K93: INCLINACION [ ]

Sheet DAY 6
A1: DAY 6 — VIERNES — Hombro + Pecho + Triceps + Core
A2: CALENTAMIENTO (5-8 min)
A3: [ ] Flexiones | B3: [ ] Rot. Manguito | F3: [ ] Band Pull-aparts
A4: EJERCICIO | B4: MC | C4: REPS OBJETIVO + RP | D4: RIR S1 | E4: Reps S1 | F4: Kg S1 | G4: RIR S2 | H4: Reps S2 | I4: Kg S2 | J4: RIR S3 | K4: Reps S3 | L4: Kg S3 | M4: TONELAJE (Auto) | N4: COSAS A COMENTAR | O4: HECHO [ ]
A5: MICROCICLO 01
A6: Elevaciones laterales con mancuerna | B6: MC01 | C6: 15-20 | D6: 0 | E6: 15 | F6: 8 | G6: 0 | H6: 15 | I6: 8 | J6: 0 | K6: 15 | L6: 8 | M6: =IFERROR(IFERROR(E6*F6,0)+IFERROR(H6*I6,0)+IFERROR(K6*L6,0),0) -> 360
A7: Elevaciones laterales en polea baja | B7: MC01 | C7: 15-20 | D7: 0 | E7: 15 | F7: 11.5 | G7: 0 | H7: 15 | I7: 11.5 | J7: 0 | K7: 15 | L7: 11.5 | M7: =IFERROR(IFERROR(E7*F7,0)+IFERROR(H7*I7,0)+IFERROR(K7*L7,0),0) -> 517.5
A8: Elevaciones laterales en polea media | B8: MC01 | C8: 15-20 | D8: 0 | E8: 15 | F8: 20 | G8: 0 | H8: 15 | I8: 20 | J8: 0 | K8: 15 | L8: 20 | M8: =IFERROR(IFERROR(E8*F8,0)+IFERROR(H8*I8,0)+IFERROR(K8*L8,0),0) -> 900
A9: Press inclinado con mancuernas | B9: MC01 | C9: 8-12 | D9: 1 | E9: 10 | F9: 20 | G9: 1 | H9: 10 | I9: 20 | J9: 1 | K9: 11 | L9: 20 | M9: =IFERROR(IFERROR(E9*F9,0)+IFERROR(H9*I9,0)+IFERROR(K9*L9,0),0) -> 620
A10: Press plano convergente en maquina | B10: MC01 | C10: 10-12 + RP | D10: 1 | E10: 11 | F10: 50 | G10: 1 | H10: 10 | I10: 50 | J10: 0 | K10: 9 | L10: 50 | M10: =IFERROR(IFERROR(E10*F10,0)+IFERROR(H10*I10,0)+IFERROR(K10*L10,0),0) -> 1500
A11: Cruces en polea de alta a baja | B11: MC01 | C11: 12-15 + DS | D11: 1 | E11: 15 | F11: 20 | G11: 0 | H11: 15 | I11: 20 | J11: 0 | K11: 15 | L11: 50 | M11: =IFERROR(IFERROR(E11*F11,0)+IFERROR(H11*I11,0)+IFERROR(K11*L11,0),0) -> 1350
A12: Aperturas en polea baja | B12: MC01 | C12: 12-15 | D12: 0 | E12: 12 | F12: 15 | G12: 0 | H12: 12 | I12: 15 | J12: 0 | K12: 12 | L12: 15 | M12: =IFERROR(IFERROR(E12*F12,0)+IFERROR(H12*I12,0)+IFERROR(K12*L12,0),0) -> 540
A13: Fondos de triceps en maquina | B13: MC01 | C13: 10-12 + Fallo | D13: 0 | E13: 18 | F13: 77.5 | G13: 0 | H13: 16 | I13: 77.5 | J13: 0 | K13: 13 | L13: 77.5 | M13: =IFERROR(IFERROR(E13*F13,0)+IFERROR(H13*I13,0)+IFERROR(K13*L13,0),0) -> 3642.5
A14: Extension de triceps a una mano en polea | B14: MC01 | C14: 12-15 + DS | D14: 1 | E14: 12 | F14: 20 | G14: 0 | H14: 13 | I14: 20 | J14: 0 | K14: 11 | L14: 20 | M14: =IFERROR(IFERROR(E14*F14,0)+IFERROR(H14*I14,0)+IFERROR(K14*L14,0),0) -> 720
A15: Crunch abdominal en polea | B15: MC01 | C15: 15-20 + Fallo | D15: 0 | E15: 15 | F15: 57.5 | G15: 0 | H15: 14 | I15: 62.5 | J15: 0 | K15: 14 | L15: 62.5 | M15: =IFERROR(IFERROR(E15*F15,0)+IFERROR(H15*I15,0)+IFERROR(K15*L15,0),0) -> 2612.5
A16: TONELAJE TOTAL MC01 | M16: =SUM(M6,M7,M8,M9,M10,M11,M12,M13,M14,M15) -> 12762.5
A18: MICROCICLO 02
A19: Elevaciones laterales con mancuerna | B19: MC02 | C19: 15-20 | D19: 0 | E19: 15 | F19: 8 | G19: 0 | H19: 15 | I19: 8 | J19: 0 | K19: 15 | L19: 8 | M19: =IFERROR(IFERROR(E19*F19,0)+IFERROR(H19*I19,0)+IFERROR(K19*L19,0),0) -> 360
A20: Elevaciones laterales en polea baja | B20: MC02 | C20: 15-20 | D20: 0 | E20: 15 | F20: 11.5 | G20: 0 | H20: 15 | I20: 11.5 | J20: 0 | K20: 15 | L20: 11.5 | M20: =IFERROR(IFERROR(E20*F20,0)+IFERROR(H20*I20,0)+IFERROR(K20*L20,0),0) -> 517.5
A21: Elevaciones laterales en polea media | B21: MC02 | C21: 15-20 | D21: 0 | E21: 15 | F21: 15 | G21: 0 | H21: 15 | I21: 15 | J21: 0 | K21: 15 | L21: 15 | M21: =IFERROR(IFERROR(E21*F21,0)+IFERROR(H21*I21,0)+IFERROR(K21*L21,0),0) -> 675
A22: Press inclinado con mancuernas | B22: MC02 | C22: 8-12 | D22: 1 | E22: 10 | F22: 20 | G22: 1 | H22: 10 | I22: 20 | J22: 1 | K22: 10 | L22: 20 | M22: =IFERROR(IFERROR(E22*F22,0)+IFERROR(H22*I22,0)+IFERROR(K22*L22,0),0) -> 600
A23: Press plano convergente en maquina | B23: MC02 | C23: 10-12 + RP | D23: 1 | E23: 12 | F23: 50 | G23: 1 | H23: 8 | I23: 60 | J23: 0 | K23: 9 | L23: 60 | M23: =IFERROR(IFERROR(E23*F23,0)+IFERROR(H23*I23,0)+IFERROR(K23*L23,0),0) -> 1620
A24: Cruces en polea de alta a baja | B24: MC02 | C24: 12-15 + DS | D24: 1 | E24: 13 | F24: 20 | G24: 0 | H24: 13 | I24: 20 | J24: 0 | K24: 12 | L24: 20 | M24: =IFERROR(IFERROR(E24*F24,0)+IFERROR(H24*I24,0)+IFERROR(K24*L24,0),0) -> 760
A25: Aperturas en polea baja | B25: MC02 | C25: 12-15 | D25: 0 | E25: 12 | F25: 15 | G25: 0 | H25: 12 | I25: 15 | J25: 0 | K25: 12 | L25: 15 | M25: =IFERROR(IFERROR(E25*F25,0)+IFERROR(H25*I25,0)+IFERROR(K25*L25,0),0) -> 540
A26: Fondos de triceps en maquina | B26: MC02 | C26: 10-12 + Fallo | D26: 0 | E26: 18 | F26: 77.5 | G26: 0 | H26: 18 | I26: 77.5 | J26: 0 | K26: 18 | L26: 77.5 | M26: =IFERROR(IFERROR(E26*F26,0)+IFERROR(H26*I26,0)+IFERROR(K26*L26,0),0) -> 4185
A27: Extension de triceps a una mano en polea | B27: MC02 | C27: 12-15 + DS | D27: 1 | E27: 15 | F27: 20 | G27: 0 | H27: 13 | I27: 20 | J27: 0 | K27: 10 | L27: 20 | M27: =IFERROR(IFERROR(E27*F27,0)+IFERROR(H27*I27,0)+IFERROR(K27*L27,0),0) -> 760
A28: Crunch abdominal en polea | B28: MC02 | C28: 15-20 + Fallo | D28: 0 | E28: 18 | F28: 57.5 | G28: 0 | H28: 16 | I28: 57.5 | J28: 0 | K28: 16 | L28: 57.5 | M28: =IFERROR(IFERROR(E28*F28,0)+IFERROR(H28*I28,0)+IFERROR(K28*L28,0),0) -> 2875
A29: TONELAJE TOTAL MC02 | M29: =SUM(M19,M20,M21,M22,M23,M24,M25,M26,M27,M28) -> 12892.5
A31: MICROCICLO 03
A32: Elevaciones laterales con mancuerna | B32: MC03 | C32: 15-20 | D32: 0 | E32: 15 | F32: 10 | G32: 0 | H32: 13 | I32: 10 | J32: 0 | K32: 13 | L32: 10 | M32: =IFERROR(IFERROR(E32*F32,0)+IFERROR(H32*I32,0)+IFERROR(K32*L32,0),0) -> 410
A33: Elevaciones laterales en polea baja | B33: MC03 | C33: 15-20 | D33: 0 | E33: 12 | F33: 15 | G33: 0 | H33: 12 | I33: 15 | J33: 0 | K33: 12 | L33: 15 | M33: =IFERROR(IFERROR(E33*F33,0)+IFERROR(H33*I33,0)+IFERROR(K33*L33,0),0) -> 540
A34: Elevaciones laterales en polea media | B34: MC03 | C34: 15-20 | D34: 0 | E34: 12 | F34: 20 | G34: 0 | H34: 12 | I34: 20 | J34: 0 | K34: 12 | L34: 20 | M34: =IFERROR(IFERROR(E34*F34,0)+IFERROR(H34*I34,0)+IFERROR(K34*L34,0),0) -> 720
A35: Press inclinado con mancuernas | B35: MC03 | C35: 8-12 | D35: 1 | E35: 8 | F35: 27.5 | G35: 1 | H35: 8 | I35: 27.5 | J35: 1 | K35: 8 | L35: 27.5 | M35: =IFERROR(IFERROR(E35*F35,0)+IFERROR(H35*I35,0)+IFERROR(K35*L35,0),0) -> 660
A36: Press plano convergente en maquina | B36: MC03 | C36: 10-12 + RP | D36: 1 | E36: 10 | F36: 60 | G36: 1 | H36: 10 | I36: 60 | J36: 0 | K36: 10 | L36: 60 | M36: =IFERROR(IFERROR(E36*F36,0)+IFERROR(H36*I36,0)+IFERROR(K36*L36,0),0) -> 1800
A37: Cruces en polea de alta a baja | B37: MC03 | C37: 12-15 + DS | D37: 1 | E37: 12 | F37: 25 | G37: 0 | H37: 12 | I37: 25 | J37: 0 | K37: 12 | L37: 25 | M37: =IFERROR(IFERROR(E37*F37,0)+IFERROR(H37*I37,0)+IFERROR(K37*L37,0),0) -> 900
A38: Aperturas en polea baja | B38: MC03 | C38: 12-15 | D38: 0 | E38: 12 | F38: 20 | G38: 0 | H38: 12 | I38: 20 | J38: 0 | K38: 12 | L38: 20 | M38: =IFERROR(IFERROR(E38*F38,0)+IFERROR(H38*I38,0)+IFERROR(K38*L38,0),0) -> 720
A39: Fondos de triceps en maquina | B39: MC03 | C39: 10-12 + Fallo | D39: 0 | E39: 12 | F39: 77.5 | G39: 0 | H39: 12 | I39: 77.5 | J39: 0 | K39: 12 | L39: 77.5 | M39: =IFERROR(IFERROR(E39*F39,0)+IFERROR(H39*I39,0)+IFERROR(K39*L39,0),0) -> 2790
A40: Extension de triceps a una mano en polea | B40: MC03 | C40: 12-15 + DS | D40: 1 | E40: 15 | F40: 20 | G40: 0 | H40: 13 | I40: 20 | J40: 0 | K40: 12 | L40: 25 | M40: =IFERROR(IFERROR(E40*F40,0)+IFERROR(H40*I40,0)+IFERROR(K40*L40,0),0) -> 860
A41: Crunch abdominal en polea | B41: MC03 | C41: 15-20 + Fallo | D41: 0 | E41: 18 | F41: 57.5 | G41: 0 | H41: 17 | I41: 57.5 | J41: 0 | K41: 15 | L41: 57.5 | M41: =IFERROR(IFERROR(E41*F41,0)+IFERROR(H41*I41,0)+IFERROR(K41*L41,0),0) -> 2875
A42: TONELAJE TOTAL MC03 | M42: =SUM(M32,M33,M34,M35,M36,M37,M38,M39,M40,M41) -> 12275
A44: MICROCICLO 04
A45: Elevaciones laterales con mancuerna | B45: MC04 | C45: 15-20 | D45: 0 | E45: 15 | F45: 10 | G45: 0 | H45: 15 | I45: 10 | J45: 0 | K45: 15 | L45: 10 | M45: =IFERROR(IFERROR(E45*F45,0)+IFERROR(H45*I45,0)+IFERROR(K45*L45,0),0) -> 450
A46: Elevaciones laterales en polea baja | B46: MC04 | C46: 15-20 | D46: 0 | E46: 12 | F46: 15 | G46: 0 | H46: 12 | I46: 15 | J46: 0 | K46: 12 | L46: 15 | M46: =IFERROR(IFERROR(E46*F46,0)+IFERROR(H46*I46,0)+IFERROR(K46*L46,0),0) -> 540
A47: Elevaciones laterales en polea media | B47: MC04 | C47: 15-20 | D47: 0 | E47: 12 | F47: 20 | G47: 0 | H47: 12 | I47: 20 | J47: 0 | K47: 12 | L47: 20 | M47: =IFERROR(IFERROR(E47*F47,0)+IFERROR(H47*I47,0)+IFERROR(K47*L47,0),0) -> 720
A48: Press inclinado con mancuernas | B48: MC04 | C48: 8-12 | D48: 1 | E48: 8 | F48: 27.5 | G48: 1 | H48: 8 | I48: 27.5 | J48: 1 | K48: 8 | L48: 27.5 | M48: =IFERROR(IFERROR(E48*F48,0)+IFERROR(H48*I48,0)+IFERROR(K48*L48,0),0) -> 660
A49: Press plano convergente en maquina | B49: MC04 | C49: 10-12 + RP | D49: 1 | E49: 10 | F49: 60 | G49: 1 | H49: 10 | I49: 60 | J49: 0 | K49: 10 | L49: 60 | M49: =IFERROR(IFERROR(E49*F49,0)+IFERROR(H49*I49,0)+IFERROR(K49*L49,0),0) -> 1800
A50: Cruces en polea de alta a baja | B50: MC04 | C50: 12-15 + DS | D50: 1 | E50: 12 | F50: 25 | G50: 0 | H50: 12 | I50: 25 | J50: 0 | K50: 12 | L50: 25 | M50: =IFERROR(IFERROR(E50*F50,0)+IFERROR(H50*I50,0)+IFERROR(K50*L50,0),0) -> 900
A51: Aperturas en polea baja | B51: MC04 | C51: 12-15 | D51: 0 | E51: 12 | F51: 20 | G51: 0 | H51: 12 | I51: 20 | J51: 0 | K51: 12 | L51: 20 | M51: =IFERROR(IFERROR(E51*F51,0)+IFERROR(H51*I51,0)+IFERROR(K51*L51,0),0) -> 720
A52: Fondos de triceps en maquina | B52: MC04 | C52: 10-12 + Fallo | D52: 0 | E52: 12 | F52: 77.5 | G52: 0 | H52: 12 | I52: 77.5 | J52: 0 | K52: 12 | L52: 77.5 | M52: =IFERROR(IFERROR(E52*F52,0)+IFERROR(H52*I52,0)+IFERROR(K52*L52,0),0) -> 2790
A53: Extension de triceps a una mano en polea | B53: MC04 | C53: 12-15 + DS | D53: 1 | E53: 15 | F53: 20 | G53: 0 | H53: 15 | I53: 20 | J53: 0 | K53: 15 | L53: 20 | M53: =IFERROR(IFERROR(E53*F53,0)+IFERROR(H53*I53,0)+IFERROR(K53*L53,0),0) -> 900
A54: Crunch abdominal en polea | B54: MC04 | C54: 15-20 + Fallo | D54: 0 | E54: 18 | F54: 57.5 | G54: 0 | H54: 18 | I54: 57.5 | J54: 0 | K54: 18 | L54: 57.5 | M54: =IFERROR(IFERROR(E54*F54,0)+IFERROR(H54*I54,0)+IFERROR(K54*L54,0),0) -> 3105
A55: TONELAJE TOTAL MC04 | M55: =SUM(M45,M46,M47,M48,M49,M50,M51,M52,M53,M54) -> 12585
A57: MICROCICLO 05
A58: Elevaciones laterales con mancuerna | B58: MC05 | C58: 15-20 | D58: 0 | G58: 0 | J58: 0 | M58: =IFERROR(IFERROR(E58*F58,0)+IFERROR(H58*I58,0)+IFERROR(K58*L58,0),0) -> 0
A59: Elevaciones laterales en polea baja | B59: MC05 | C59: 15-20 | D59: 0 | G59: 0 | J59: 0 | M59: =IFERROR(IFERROR(E59*F59,0)+IFERROR(H59*I59,0)+IFERROR(K59*L59,0),0) -> 0
A60: Elevaciones laterales en polea media | B60: MC05 | C60: 15-20 | D60: 0 | G60: 0 | J60: 0 | M60: =IFERROR(IFERROR(E60*F60,0)+IFERROR(H60*I60,0)+IFERROR(K60*L60,0),0) -> 0
A61: Press inclinado con mancuernas | B61: MC05 | C61: 8-12 | D61: 1 | G61: 1 | J61: 1 | M61: =IFERROR(IFERROR(E61*F61,0)+IFERROR(H61*I61,0)+IFERROR(K61*L61,0),0) -> 0
A62: Press plano convergente en maquina | B62: MC05 | C62: 10-12 + RP | D62: 1 | G62: 1 | J62: 0 | M62: =IFERROR(IFERROR(E62*F62,0)+IFERROR(H62*I62,0)+IFERROR(K62*L62,0),0) -> 0
A63: Cruces en polea de alta a baja | B63: MC05 | C63: 12-15 + DS | D63: 1 | G63: 0 | J63: 0 | M63: =IFERROR(IFERROR(E63*F63,0)+IFERROR(H63*I63,0)+IFERROR(K63*L63,0),0) -> 0
A64: Aperturas en polea baja | B64: MC05 | C64: 12-15 | D64: 0 | G64: 0 | J64: 0 | M64: =IFERROR(IFERROR(E64*F64,0)+IFERROR(H64*I64,0)+IFERROR(K64*L64,0),0) -> 0
A65: Fondos de triceps en maquina | B65: MC05 | C65: 10-12 + Fallo | D65: 0 | G65: 0 | J65: 0 | M65: =IFERROR(IFERROR(E65*F65,0)+IFERROR(H65*I65,0)+IFERROR(K65*L65,0),0) -> 0
A66: Extension de triceps a una mano en polea | B66: MC05 | C66: 12-15 + DS | D66: 1 | G66: 0 | J66: 0 | M66: =IFERROR(IFERROR(E66*F66,0)+IFERROR(H66*I66,0)+IFERROR(K66*L66,0),0) -> 0
A67: Crunch abdominal en polea | B67: MC05 | C67: 15-20 + Fallo | D67: 0 | G67: 0 | J67: 0 | M67: =IFERROR(IFERROR(E67*F67,0)+IFERROR(H67*I67,0)+IFERROR(K67*L67,0),0) -> 0
A68: TONELAJE TOTAL MC05 | M68: =SUM(M58,M59,M60,M61,M62,M63,M64,M65,M66,M67) -> 0
A70: MICROCICLO 06
A71: Elevaciones laterales con mancuerna | B71: MC06 | C71: 15-20 | D71: 0 | G71: 0 | J71: 0 | M71: =IFERROR(IFERROR(E71*F71,0)+IFERROR(H71*I71,0)+IFERROR(K71*L71,0),0) -> 0
A72: Elevaciones laterales en polea baja | B72: MC06 | C72: 15-20 | D72: 0 | G72: 0 | J72: 0 | M72: =IFERROR(IFERROR(E72*F72,0)+IFERROR(H72*I72,0)+IFERROR(K72*L72,0),0) -> 0
A73: Elevaciones laterales en polea media | B73: MC06 | C73: 15-20 | D73: 0 | G73: 0 | J73: 0 | M73: =IFERROR(IFERROR(E73*F73,0)+IFERROR(H73*I73,0)+IFERROR(K73*L73,0),0) -> 0
A74: Press inclinado con mancuernas | B74: MC06 | C74: 8-12 | D74: 1 | G74: 1 | J74: 1 | M74: =IFERROR(IFERROR(E74*F74,0)+IFERROR(H74*I74,0)+IFERROR(K74*L74,0),0) -> 0
A75: Press plano convergente en maquina | B75: MC06 | C75: 10-12 + RP | D75: 1 | G75: 1 | J75: 0 | M75: =IFERROR(IFERROR(E75*F75,0)+IFERROR(H75*I75,0)+IFERROR(K75*L75,0),0) -> 0
A76: Cruces en polea de alta a baja | B76: MC06 | C76: 12-15 + DS | D76: 1 | G76: 0 | J76: 0 | M76: =IFERROR(IFERROR(E76*F76,0)+IFERROR(H76*I76,0)+IFERROR(K76*L76,0),0) -> 0
A77: Aperturas en polea baja | B77: MC06 | C77: 12-15 | D77: 0 | G77: 0 | J77: 0 | M77: =IFERROR(IFERROR(E77*F77,0)+IFERROR(H77*I77,0)+IFERROR(K77*L77,0),0) -> 0
A78: Fondos de triceps en maquina | B78: MC06 | C78: 10-12 + Fallo | D78: 0 | G78: 0 | J78: 0 | M78: =IFERROR(IFERROR(E78*F78,0)+IFERROR(H78*I78,0)+IFERROR(K78*L78,0),0) -> 0
A79: Extension de triceps a una mano en polea | B79: MC06 | C79: 12-15 + DS | D79: 1 | G79: 0 | J79: 0 | M79: =IFERROR(IFERROR(E79*F79,0)+IFERROR(H79*I79,0)+IFERROR(K79*L79,0),0) -> 0
A80: Crunch abdominal en polea | B80: MC06 | C80: 15-20 + Fallo | D80: 0 | G80: 0 | J80: 0 | M80: =IFERROR(IFERROR(E80*F80,0)+IFERROR(H80*I80,0)+IFERROR(K80*L80,0),0) -> 0
A81: TONELAJE TOTAL MC06 | M81: =SUM(M71,M72,M73,M74,M75,M76,M77,M78,M79,M80) -> 0
A83: MICROCICLO 07
A84: Elevaciones laterales con mancuerna | B84: MC07 | C84: 15-20 | D84: 0 | G84: 0 | J84: 0 | M84: =IFERROR(IFERROR(E84*F84,0)+IFERROR(H84*I84,0)+IFERROR(K84*L84,0),0) -> 0
A85: Elevaciones laterales en polea baja | B85: MC07 | C85: 15-20 | D85: 0 | G85: 0 | J85: 0 | M85: =IFERROR(IFERROR(E85*F85,0)+IFERROR(H85*I85,0)+IFERROR(K85*L85,0),0) -> 0
A86: Elevaciones laterales en polea media | B86: MC07 | C86: 15-20 | D86: 0 | G86: 0 | J86: 0 | M86: =IFERROR(IFERROR(E86*F86,0)+IFERROR(H86*I86,0)+IFERROR(K86*L86,0),0) -> 0
A87: Press inclinado con mancuernas | B87: MC07 | C87: 8-12 | D87: 1 | G87: 1 | J87: 1 | M87: =IFERROR(IFERROR(E87*F87,0)+IFERROR(H87*I87,0)+IFERROR(K87*L87,0),0) -> 0
A88: Press plano convergente en maquina | B88: MC07 | C88: 10-12 + RP | D88: 1 | G88: 1 | J88: 0 | M88: =IFERROR(IFERROR(E88*F88,0)+IFERROR(H88*I88,0)+IFERROR(K88*L88,0),0) -> 0
A89: Cruces en polea de alta a baja | B89: MC07 | C89: 12-15 + DS | D89: 1 | G89: 0 | J89: 0 | M89: =IFERROR(IFERROR(E89*F89,0)+IFERROR(H89*I89,0)+IFERROR(K89*L89,0),0) -> 0
A90: Aperturas en polea baja | B90: MC07 | C90: 12-15 | D90: 0 | G90: 0 | J90: 0 | M90: =IFERROR(IFERROR(E90*F90,0)+IFERROR(H90*I90,0)+IFERROR(K90*L90,0),0) -> 0
A91: Fondos de triceps en maquina | B91: MC07 | C91: 10-12 + Fallo | D91: 0 | G91: 0 | J91: 0 | M91: =IFERROR(IFERROR(E91*F91,0)+IFERROR(H91*I91,0)+IFERROR(K91*L91,0),0) -> 0
A92: Extension de triceps a una mano en polea | B92: MC07 | C92: 12-15 + DS | D92: 1 | G92: 0 | J92: 0 | M92: =IFERROR(IFERROR(E92*F92,0)+IFERROR(H92*I92,0)+IFERROR(K92*L92,0),0) -> 0
A93: Crunch abdominal en polea | B93: MC07 | C93: 15-20 + Fallo | D93: 0 | G93: 0 | J93: 0 | M93: =IFERROR(IFERROR(E93*F93,0)+IFERROR(H93*I93,0)+IFERROR(K93*L93,0),0) -> 0
A94: TONELAJE TOTAL MC07 | M94: =SUM(M84,M85,M86,M87,M88,M89,M90,M91,M92,M93) -> 0
A96: MICROCICLO 08
A97: Elevaciones laterales con mancuerna | B97: MC08 | C97: 15-20 | D97: 0 | G97: 0 | J97: 0 | M97: =IFERROR(IFERROR(E97*F97,0)+IFERROR(H97*I97,0)+IFERROR(K97*L97,0),0) -> 0
A98: Elevaciones laterales en polea baja | B98: MC08 | C98: 15-20 | D98: 0 | G98: 0 | J98: 0 | M98: =IFERROR(IFERROR(E98*F98,0)+IFERROR(H98*I98,0)+IFERROR(K98*L98,0),0) -> 0
A99: Elevaciones laterales en polea media | B99: MC08 | C99: 15-20 | D99: 0 | G99: 0 | J99: 0 | M99: =IFERROR(IFERROR(E99*F99,0)+IFERROR(H99*I99,0)+IFERROR(K99*L99,0),0) -> 0
A100: Press inclinado con mancuernas | B100: MC08 | C100: 8-12 | D100: 1 | G100: 1 | J100: 1 | M100: =IFERROR(IFERROR(E100*F100,0)+IFERROR(H100*I100,0)+IFERROR(K100*L100,0),0) -> 0
A101: Press plano convergente en maquina | B101: MC08 | C101: 10-12 + RP | D101: 1 | G101: 1 | J101: 0 | M101: =IFERROR(IFERROR(E101*F101,0)+IFERROR(H101*I101,0)+IFERROR(K101*L101,0),0) -> 0
A102: Cruces en polea de alta a baja | B102: MC08 | C102: 12-15 + DS | D102: 1 | G102: 0 | J102: 0 | M102: =IFERROR(IFERROR(E102*F102,0)+IFERROR(H102*I102,0)+IFERROR(K102*L102,0),0) -> 0
A103: Aperturas en polea baja | B103: MC08 | C103: 12-15 | D103: 0 | G103: 0 | J103: 0 | M103: =IFERROR(IFERROR(E103*F103,0)+IFERROR(H103*I103,0)+IFERROR(K103*L103,0),0) -> 0
A104: Fondos de triceps en maquina | B104: MC08 | C104: 10-12 + Fallo | D104: 0 | G104: 0 | J104: 0 | M104: =IFERROR(IFERROR(E104*F104,0)+IFERROR(H104*I104,0)+IFERROR(K104*L104,0),0) -> 0
A105: Extension de triceps a una mano en polea | B105: MC08 | C105: 12-15 + DS | D105: 1 | G105: 0 | J105: 0 | M105: =IFERROR(IFERROR(E105*F105,0)+IFERROR(H105*I105,0)+IFERROR(K105*L105,0),0) -> 0
A106: Crunch abdominal en polea | B106: MC08 | C106: 15-20 + Fallo | D106: 0 | G106: 0 | J106: 0 | M106: =IFERROR(IFERROR(E106*F106,0)+IFERROR(H106*I106,0)+IFERROR(K106*L106,0),0) -> 0
A107: TONELAJE TOTAL MC08 | M107: =SUM(M97,M98,M99,M100,M101,M102,M103,M104,M105,M106) -> 0
...
